POSICION,Cell_0_0,Cell_0_1,Cell_0_2,Cell_0_3,Cell_0_4,Cell_0_5,Cell_0_6,Cell_0_7,Cell_1_0,Cell_1_1,Cell_1_2,Cell_1_3,Cell_1_4,Cell_1_5,Cell_1_6,Cell_1_7,Cell_2_0,Cell_2_1,Cell_2_2,Cell_2_3,Cell_2_4,Cell_2_5,Cell_2_6,Cell_2_7,Cell_3_0,Cell_3_1,Cell_3_2,Cell_3_3,Cell_3_4,Cell_3_5,Cell_3_6,Cell_3_7,Cell_4_0,Cell_4_1,Cell_4_2,Cell_4_3,Cell_4_4,Cell_4_5,Cell_4_6,Cell_4_7,Cell_5_0,Cell_5_1,Cell_5_2,Cell_5_3,Cell_5_4,Cell_5_5,Cell_5_6,Cell_5_7,Cell_6_0,Cell_6_1,Cell_6_2,Cell_6_3,Cell_6_4,Cell_6_5,Cell_6_6,Cell_6_7,Cell_7_0,Cell_7_1,Cell_7_2,Cell_7_3,Cell_7_4,Cell_7_5,Cell_7_6,Cell_7_7
trunk_L,0,26.1225891113281,32.3456382751465,35.5866432189941,39.0456733703613,6.38719987869263,0,24.5765514373779,0,20.2230091094971,12.6607666015625,17.0425777435303,24.4385776519775,0,0,0,0,21.8138446807861,14.8723802566528,37.7827796936035,32.9335021972656,2.53177642822266,0,9.26382160186768,0,30.9403476715088,20.0532741546631,44.4839897155762,29.1351070404053,0,0,3.45266079902649,0.116442702710629,14.3994760513306,5.98528099060059,51.7637748718262,17.1089000701904,0.751203715801239,0,3.6728458404541,0,21.1981430053711,15.1584854125977,27.4867038726807,33.888858795166,3.97977566719055,2.11900448799133,10.5767335891724,0,24.7970714569092,19.0401496887207,50.9846687316895,36.2455024719238,3.59047102928162,0,1.72257435321808,7.96156692504883,28.0127105712891,17.6504364013672,33.8770332336426,28.2993412017822,15.5297021865845,5.54053497314453,17.4007701873779
trunk_R,0,0,13.9034147262573,27.117223739624,20.5471019744873,13.2345838546753,0,0,4.89649248123169,0,16.8824234008789,18.4124431610107,28.8516635894775,17.6594848632812,10.4842176437378,0,0,0,11.5378770828247,34.0261268615723,26.5579376220703,16.5743103027344,6.64079809188843,2.0012800693512,0,0.110614262521267,29.799072265625,49.1387023925781,33.8442726135254,27.6491622924805,15.1122236251831,5.87839365005493,2.69079184532166,0,15.7259950637817,55.5804557800293,22.1953639984131,18.9208564758301,12.6762781143188,2.93178200721741,0,0,19.9765167236328,30.0940456390381,35.5664482116699,21.9591159820557,15.3709259033203,10.6187505722046,0,0,20.7898254394531,50.6944923400879,34.378963470459,15.9207811355591,5.32164335250854,0,5.01096200942993,0.724729537963867,17.3582439422607,32.0944023132324,18.0557689666748,21.9959735870361,12.9119291305542,11.7334098815918
fetus_L,0,12.197395324707,12.2913665771484,25.9883785247803,17.2199420928955,10.1880130767822,0,0,7.56535577774048,22.2184982299805,17.0225505828857,19.8507919311523,29.7826862335205,16.338960647583,0,0,0,18.828893661499,20.4914855957031,36.6680641174316,30.6594085693359,25.0555896759033,0,0,0,30.0367794036865,28.2809276580811,46.0927925109863,30.8447113037109,28.0695495605469,0,0,6.18404006958008,19.883472442627,26.8107128143311,59.6044960021973,30.4229755401611,26.3997421264648,0,0.0177023094147444,0,25.4890384674072,27.1297607421875,32.9055595397949,42.2508888244629,32.6865997314453,1.78282606601715,6.18984031677246,0,18.3406925201416,18.93092918396,46.0814018249512,28.9288425445557,14.6318864822388,0,0,8.35905933380127,25.7523803710938,21.1544036865234,32.3767623901367,20.9424152374268,26.529333114624,0,7.13056612014771
fetus_R,0,1.39256286621094,15.5780992507935,30.7707347869873,29.4339752197266,23.2938899993896,23.7179794311523,7.17765188217163,18.7527561187744,13.4119215011597,21.654146194458,24.1455307006836,39.4104804992676,28.8315372467041,24.2058582305908,11.9509763717651,0,4.64619588851929,13.5337705612183,38.6182823181152,33.4315452575684,23.8031368255615,24.300500869751,7.41232538223267,0.0779315829277039,9.94591808319092,23.9092025756836,49.2717170715332,34.1936798095703,26.7079029083252,25.2661113739014,6.16263628005981,6.66594123840332,1.17861211299896,20.3037052154541,61.4719276428223,35.042423248291,23.8198986053467,24.5791988372803,8.31591320037842,0,4.45193290710449,14.8233690261841,28.6695652008057,34.1591682434082,19.4562168121338,20.8031616210938,8.80247116088867,0.831311404705048,7.19821357727051,17.6751174926758,51.1445159912109,35.4625701904297,15.9075012207031,14.0425443649292,0,5.73217725753784,8.94482517242432,15.0016717910767,31.6019153594971,18.6939544677734,20.5943202972412,16.9534130096436,11.330605506897
supine,0,13.8980684280396,25.5158443450928,31.35182762146,30.7539730072021,13.1872320175171,0,0,0,6.60105133056641,11.7116975784302,14.1771192550659,20.5241928100586,5.30824422836304,0,0,0,13.1534872055054,24.9280757904053,40.1880760192871,36.8459281921387,17.3600635528564,0,0.459035009145737,0,23.5248413085938,31.3063869476318,49.4578742980957,35.2098503112793,14.5361022949219,0,0,1.69730651378632,6.02177047729492,16.8322086334229,54.50634765625,22.9973297119141,10.6330080032349,0,0,0,16.4563102722168,23.7273654937744,31.8826694488525,41.7390823364258,16.0443305969238,0,6.68111944198608,0,16.1491527557373,21.8559474945068,51.2081184387207,36.6949272155762,9.74921035766602,0,0,5.53213691711426,18.0044689178467,18.1260395050049,33.0088996887207,22.9795665740967,18.2954502105713,0,7.87832403182983
prone,0,0,29.8362121582031,31.4620056152344,31.4453220367432,28.4476795196533,0,0,0,0,13.5404214859009,16.3743896484375,23.2343826293945,10.8181619644165,0,0,0,0,22.7231769561768,38.3350028991699,34.1499290466309,26.7620792388916,0.555723190307617,0,0,2.64596724510193,28.1326732635498,46.285572052002,32.8714179992676,26.1582431793213,0,0,0.374153524637222,0,11.5925340652466,51.3351020812988,17.141845703125,16.1943988800049,0,0,0,2.9045352935791,24.1845188140869,31.2360782623291,41.745418548584,28.4237079620361,10.1204900741577,2.45173072814941,0.728897273540497,4.75229978561401,24.997034072876,52.8350257873535,38.0789337158203,20.9300708770752,0,0,5.96459770202637,4.96571731567383,19.3177700042725,31.7826690673828,23.2822589874268,24.7101898193359,5.03968572616577,5.03212928771973
trunk_L,0,9.43375873565674,7.21791219711304,31.5303955078125,25.1624240875244,7.91992902755737,0,10.0919895172119,0,9.07016372680664,8.21842193603516,15.3659820556641,25.4318466186523,7.14355707168579,0,0,0,11.9173803329468,6.80118799209595,40.8789939880371,32.013370513916,14.2825889587402,0,10.0003499984741,0,20.6981029510498,16.5214881896973,50.1719665527344,30.9613285064697,9.68805503845215,0,6.52178001403809,0,0.81680828332901,0,52.4578552246094,11.6554250717163,5.90503692626953,0,1.81493818759918,0,12.8275270462036,12.4253644943237,31.7274112701416,32.9837837219238,12.5457448959351,0.668830931186676,11.5710821151733,0,15.7354669570923,14.2141313552856,55.0743522644043,33.3309211730957,9.09113216400146,0,2.57671356201172,6.41098642349243,18.0596218109131,12.6139707565308,36.9983787536621,17.9891662597656,18.1323394775391,0.680789947509766,15.1397829055786
trunk_R,0,0,0,0,23.6239566802979,19.2640514373779,10.8761110305786,0,0,0,3.53622555732727,0,21.6876125335693,9.30854320526123,7.66776084899902,0,0,3.55284118652344,0,0,31.015344619751,23.2960643768311,16.8427181243896,0,0,9.41842746734619,8.56001853942871,4.11210298538208,33.1307563781738,29.808557510376,18.7466163635254,0,2.95675849914551,0,0,7.43130350112915,19.5380802154541,18.3657379150391,13.8829183578491,0,0,5.42931890487671,8.86727809906006,0,37.388240814209,25.5551357269287,19.385461807251,4.19600105285645,2.99443602561951,9.10421371459961,11.9663705825806,8.93372631072998,38.0469055175781,20.9894771575928,13.8380012512207,0,7.7991771697998,8.01544857025146,6.18421936035156,0,18.6104049682617,23.5009689331055,14.1521940231323,5.64005041122437
fetus_L,0,17.1362590789795,11.2615098953247,25.9585266113281,17.5055084228516,9.28147220611572,0,0,8.40824413299561,23.47243309021,14.4666748046875,17.1082057952881,26.0484466552734,12.0878992080688,0,0,0.184764385223389,23.9176464080811,18.6370754241943,36.4090156555176,29.3929843902588,22.4518127441406,0,4.85864400863647,5.4316611289978,42.1974906921387,33.3367652893066,49.7332725524902,34.8955268859863,33.0411033630371,0,7.29143762588501,11.7331466674805,26.9591617584229,26.5348300933838,59.4314270019531,30.0441455841064,24.5813140869141,0,7.18401765823364,1.12172615528107,25.8752689361572,20.5166339874268,28.403564453125,33.0932884216309,22.3079242706299,0,9.53776836395264,6.77021598815918,28.9970607757568,25.4728946685791,52.0873565673828,36.0769996643066,20.2922420501709,0,1.02567195892334,21.7416152954102,31.2470245361328,22.320951461792,33.847225189209,22.3806438446045,26.1793727874756,0,14.2669744491577
fetus_R,0,2.95051765441895,6.20097923278809,32.7097663879395,33.9539222717285,32.5741310119629,31.8062419891357,26.7824020385742,14.0301752090454,5.94346618652344,11.7055892944336,21.2700748443604,32.630184173584,20.3220195770264,19.2292194366455,15.6909446716309,0,2.59188866615295,0,38.6724014282227,33.9406394958496,26.5616149902344,23.0273342132568,14.7870178222656,0.80385810136795,8.13644313812256,11.6824150085449,48.9371147155762,34.2530860900879,30.4772434234619,24.6566143035889,14.5289106369019,7.22417831420898,0,0.458414196968079,59.3198394775391,30.2588405609131,23.772928237915,21.936315536499,14.3461122512817,0,4.33212995529175,8.34593868255615,29.5441188812256,36.744686126709,24.4549083709717,21.6363525390625,15.9619417190552,2.59792327880859,5.96102523803711,10.7352705001831,51.6814994812012,36.757625579834,19.1525974273682,14.1664991378784,7.72973680496216,12.5051240921021,10.0320692062378,9.8305778503418,33.8278198242188,25.5964412689209,25.957555770874,18.9798889160156,19.9446582794189
supine,0,21.194974899292,27.9332828521729,32.12744140625,32.0260581970215,20.3128433227539,17.3971309661865,13.8437538146973,12.6459474563599,27.5614013671875,19.9757328033447,20.328592300415,32.0404739379883,19.9874973297119,16.6880683898926,8.96789646148682,0,25.9642944335938,29.2506008148193,44.0596504211426,40.5786094665527,26.0912532806396,23.6150684356689,14.7080078125,1.24666082859039,40.156982421875,35.1716346740723,54.136791229248,40.6626396179199,29.7272338867188,25.0089664459229,13.4404249191284,3.91372179985046,17.6902523040771,17.8444156646729,57.3105659484863,28.1273040771484,16.1343212127686,14.7777299880981,6.78420495986938,0,23.5497589111328,21.8777942657471,31.7510738372803,42.1110534667969,19.5888366699219,18.2592144012451,12.5364274978638,0,21.5752029418945,20.0240345001221,50.0819282531738,35.2038459777832,10.9895048141479,4.8496265411377,0,7.60878610610962,26.7939682006836,19.2727909088135,34.6915092468262,27.3702754974365,20.5852527618408,14.1513624191284,14.8916692733765
prone,0,11.5920991897583,26.7925262451172,31.8077087402344,33.2444190979004,25.8139972686768,0,9.4460506439209,11.7504453659058,18.881555557251,21.2342300415039,21.0383472442627,33.3863639831543,23.0876140594482,4.41543245315552,4.80111503601074,0,17.1451091766357,28.3099765777588,42.7790794372559,41.819507598877,30.3186950683594,3.94850826263428,11.6111440658569,0.328635096549988,22.4733333587646,29.3298721313477,49.3423156738281,36.3316230773926,27.544885635376,0,6.30163335800171,2.60211491584778,5.25275945663452,13.7507696151733,53.914867401123,23.7147922515869,16.8460006713867,0,2.32522320747375,0,16.8260707855225,22.1537628173828,31.6474094390869,44.8172302246094,24.4866504669189,6.56401968002319,11.8206357955933,2.08330416679382,16.765007019043,23.0556240081787,53.5060844421387,39.0771903991699,17.6482257843018,0,3.80437469482422,16.3837203979492,22.4213714599609,21.0825061798096,35.7311058044434,36.1864166259766,24.6780376434326,7.45871353149414,15.2783613204956
trunk_L,0,0,0,25.631628036499,25.2602844238281,21.8719882965088,0,0,12.7135534286499,5.27509737014771,11.5226631164551,21.3443145751953,37.6730766296387,26.2657318115234,0,0,0,0,0,32.1371421813965,32.2733116149902,25.6461410522461,0,0,0,3.8110179901123,5.16776704788208,42.3183784484863,34.1842079162598,32.3020172119141,0,0,15.4319124221802,0,0,53.2798728942871,32.1987037658691,26.548059463501,0,0,0,0.78789871931076,6.47704458236694,25.8956470489502,38.7371788024902,28.4355926513672,0,4.83251523971558,0,3.65025305747986,0,0,0,0,0,0,0,0,0,0,0,0,0,0
trunk_L,0,4.02724027633667,10.3946027755737,25.582124710083,17.3849811553955,7.68820333480835,0,0,5.12616395950317,17.2825660705566,21.72096824646,22.6551494598389,34.8961029052734,23.3657169342041,6.89970779418945,8.54567623138428,0,9.50920581817627,16.3051834106445,34.4246063232422,30.4161167144775,18.4411487579346,0,6.37870168685913,2.18381714820862,22.5312957763672,30.8587398529053,47.6627006530762,35.3632507324219,26.7379550933838,1.25452864170074,9.97518444061279,6.17896270751953,7.49558782577515,18.9787540435791,54.8843078613281,27.1080551147461,19.2815246582031,5.35379028320312,7.68877172470093,0,12.1186141967773,18.0866012573242,26.2919940948486,34.0275573730469,17.5706024169922,5.32357120513916,9.97969722747803,4.96383476257324,17.6075477600098,25.0199031829834,51.9633598327637,39.2480735778809,18.5061912536621,0.504632413387299,5.9784951210022,12.3320913314819,18.849494934082,19.8731708526611,30.5055904388428,26.7179279327393,22.4237728118896,6.83810949325562,15.6536588668823
trunk_R,0,0.474214464426041,9.23252582550049,29.3839645385742,24.9113597869873,16.6019439697266,12.3143262863159,6.82052373886108,2.96384072303772,3.36265969276428,15.6941728591919,20.6186180114746,32.4903373718262,20.7437877655029,17.8294620513916,5.80229902267456,0,0.0604116320610046,4.63076066970825,36.0426635742188,29.3387889862061,17.8447704315186,14.8250856399536,5.23892068862915,0.618272304534912,9.11371898651123,19.7211627960205,48.3849983215332,32.8295021057129,23.0999374389648,18.4608860015869,5.95886611938477,3.30367469787598,0,0.42156109213829,52.8715400695801,17.3731441497803,14.6712350845337,12.7533645629883,2.61324954032898,0,4.76937818527222,13.2612161636353,30.1929988861084,35.711109161377,20.576602935791,18.4811935424805,11.489821434021,2.36730670928955,8.25682830810547,16.5117816925049,53.937183380127,37.3325958251953,16.78981590271,11.5483045578003,2.47186350822449,14.28844165802,11.5191764831543,16.8010578155518,36.8843727111816,28.9009704589844,23.8773250579834,17.8791408538818,16.9776992797852
fetus_L,0.497697949409485,16.8979930877686,11.115668296814,25.7692775726318,17.2394123077393,0,0,0,0,15.632960319519,8.81854629516602,12.6644639968872,16.4213256835938,0,0,0,3.17887139320374,23.4588108062744,18.8933696746826,36.3266792297363,31.1392211914062,3.55911183357239,0,0,7.33574104309082,37.7548866271973,29.303201675415,47.0829658508301,32.3298377990723,0.376938462257385,0,0,14.2682466506958,23.1135349273682,21.1716804504395,56.57177734375,27.2155456542969,7.07745504379272,0,0,2.97689247131348,22.5461978912354,18.2751789093018,26.5761051177979,30.8711338043213,3.82623481750488,0,0.46944785118103,11.3791809082031,28.8572540283203,25.1930408477783,52.8106575012207,37.9960441589355,6.9110894203186,0,0,26.296407699585,29.1822719573975,21.3070774078369,32.531566619873,23.54319190979,14.5527143478394,0,7.81719446182251
fetus_R,0,0,5.90525436401367,24.0915603637695,13.4725160598755,2.84978771209717,0,0,0,0,9.40010070800781,12.5209426879883,18.3598957061768,3.87893986701965,0.204504981637001,0,0.0762932598590851,5.76379823684692,21.6389064788818,38.3585662841797,32.4050369262695,24.9681167602539,23.56809425354,8.40460109710693,2.90003776550293,13.1635255813599,29.8195877075195,48.4138488769531,32.6806602478027,28.7764282226562,24.6718273162842,7.75301694869995,12.8446912765503,5.8227334022522,31.8011474609375,63.9982414245605,38.0761260986328,28.5661163330078,27.8763561248779,13.9244966506958,0,5.94519948959351,19.2029457092285,28.5665836334229,32.7655296325684,20.897066116333,20.4087219238281,10.7583847045898,7.53685712814331,12.4287347793579,25.9976444244385,55.0201148986816,38.0415687561035,20.9838752746582,17.9129657745361,5.83661794662476,16.2124538421631,10.8413896560669,18.1374950408936,31.7072467803955,17.3793773651123,23.1078281402588,18.5505275726318,14.2275505065918
supine,22.8133869171143,15.0814018249512,23.4563770294189,30.7376155853271,24.4750804901123,20.4538745880127,6.26357507705688,0.543982982635498,28.0900440216064,6.80354690551758,6.82278060913086,10.7779998779297,16.8080062866211,1.2871857881546,0,0,26.4577960968018,18.4555358886719,25.7139873504639,40.9391632080078,32.886646270752,26.4736461639404,17.0365772247314,5.88838386535645,31.2977352142334,30.7061977386475,33.5774116516113,51.0456237792969,33.4194831848145,30.9168949127197,17.2338428497314,4.31865835189819,38.6620445251465,15.0117683410645,24.6170787811279,59.4326171875,25.2911891937256,22.3544597625732,15.144660949707,3.77710628509521,28.0366363525391,20.9721736907959,25.3158931732178,32.9458808898926,35.9452934265137,26.353967666626,18.0728130340576,10.671835899353,25.6696720123291,16.6430530548096,18.7887592315674,47.7322883605957,26.1288547515869,12.4943552017212,0,0,58.2532501220703,21.4508228302002,19.026273727417,33.2329483032227,9.62909603118896,22.0168209075928,11.3967618942261,10.5846900939941
prone,0,23.1181697845459,26.6074733734131,31.6466197967529,28.2698268890381,13.9756965637207,22.1792392730713,18.4223136901855,9.26858329772949,48.2862663269043,34.4951782226562,32.2664451599121,54.2092590332031,38.1898078918457,40.3278465270996,38.0492668151855,0,24.6939029693604,22.370698928833,39.3222961425781,32.8439712524414,16.9137020111084,21.0411071777344,12.7666521072388,0,30.3726043701172,20.8979053497314,43.1027870178223,24.915491104126,3.65157771110535,10.0865621566772,4.01571702957153,0.187296032905579,20.2377529144287,17.8059139251709,55.9009590148926,22.3036594390869,13.5075731277466,16.9638500213623,9.1539888381958,0,24.8010272979736,20.6308727264404,29.9955959320068,34.412956237793,15.1745376586914,19.1737499237061,13.5549001693726,0,27.010290145874,23.2843322753906,53.3210601806641,35.7930870056152,12.3669080734253,12.4165601730347,5.55742788314819,2.37125778198242,28.002799987793,20.160737991333,34.2562217712402,21.5509090423584,20.1650218963623,16.6570262908936,17.6691188812256
trunk_L,3.03223443031311,0.34559366106987,26.2544918060303,32.5062255859375,28.109884262085,7.06174421310425,0.486001700162888,16.7762908935547,26.5761203765869,16.7846260070801,35.2946739196777,34.0909614562988,54.9956398010254,33.9078330993652,30.4863185882568,37.814281463623,1.35615170001984,0.281663328409195,21.1831645965576,40.442684173584,30.7528018951416,11.4098281860352,8.23516178131104,11.1936941146851,3.65870666503906,4.22070741653442,25.6248416900635,48.4046516418457,28.2879199981689,3.7291431427002,1.27213418483734,7.76745271682739,8.80371189117432,0,14.4742269515991,56.8695945739746,17.0907936096191,7.56594800949097,6.51447725296021,6.89620780944824,1.01334178447723,1.70841157436371,19.3618602752686,31.1778869628906,31.5951843261719,9.5475025177002,9.49065399169922,12.1953001022339,8.13649749755859,5.96085548400879,23.7717037200928,57.0962104797363,34.7253303527832,10.4480972290039,3.00438046455383,6.3995475769043,17.571252822876,6.68785095214844,17.6675109863281,36.1721878051758,11.4197769165039,15.5213861465454,8.40161991119385,15.5877227783203
trunk_R,0,0,16.7690353393555,27.871618270874,19.9404335021973,0,2.89207363128662,7.7345175743103,10.3247938156128,13.3438987731934,32.5507659912109,31.020055770874,51.724781036377,23.8492279052734,34.5089378356934,32.4778671264648,0,0.29002371430397,23.7540378570557,38.2519721984863,30.3550720214844,5.33567428588867,16.6970252990723,11.8762845993042,0,2.44863867759705,26.5063571929932,45.5550231933594,26.6918487548828,0,10.8215866088867,7.11919546127319,2.222895860672,0,22.4695529937744,56.4834785461426,20.9440860748291,6.7475209236145,14.9892644882202,8.89857578277588,0,0.451229125261307,20.7650909423828,28.5325412750244,30.6281967163086,5.33356809616089,14.6619310379028,12.3382568359375,0,4.02324295043945,24.4002780914307,52.0547676086426,31.8468170166016,3.82897686958313,7.5941014289856,3.8051586151123,7.38470602035522,8.13186931610107,23.9571552276611,35.0671424865723,17.7664432525635,14.9449844360352,14.3857564926147,17.8284397125244
fetus_L,0,17.3919124603271,19.7174243927002,29.9916152954102,23.8171443939209,0,0,10.0079498291016,19.7156753540039,41.8502388000488,33.1909942626953,31.5616054534912,53.2600059509277,11.6117753982544,12.472954750061,31.5399074554443,0,19.6163806915283,20.2721824645996,38.0184326171875,30.5307140350342,0,0,9.7524299621582,0.749353408813477,30.4321212768555,26.2985668182373,46.9138336181641,29.2812805175781,0,0,6.84535980224609,10.9618711471558,20.8256492614746,26.2714538574219,60.9602165222168,30.8918781280518,0.068263553082943,1.48245084285736,11.6344442367554,0,19.8485507965088,19.1885242462158,28.5532474517822,31.229362487793,0,0,11.3814630508423,3.79843711853027,22.5042877197266,22.2665119171143,52.2304191589355,32.9124870300293,0,0,3.30023837089539,13.6358003616333,23.648063659668,17.3604793548584,31.166955947876,10.7797317504883,6.45298337936401,0,13.8098335266113
fetus_R,0,12.0753326416016,21.2968978881836,29.0495700836182,25.4419574737549,18.2158832550049,0,0,17.0716705322266,35.5390892028809,32.6191062927246,31.0570316314697,51.2756004333496,40.8057708740234,20.7992725372314,16.8144130706787,0,17.4308986663818,25.9622669219971,39.7490844726562,34.600902557373,26.0579586029053,3.01403713226318,3.7968385219574,2.04949593544006,27.6374645233154,32.2494812011719,48.3451271057129,33.6956939697266,28.2926616668701,1.06252193450928,0.931912422180176,7.87241172790527,14.9659843444824,26.2709522247314,59.1474876403809,29.2331676483154,22.5620269775391,6.68860101699829,3.36862659454346,0,15.2940559387207,19.7567672729492,27.4367427825928,32.4423484802246,19.393533706665,5.75149726867676,4.09757471084595,3.14415097236633,19.2482013702393,23.9643936157227,50.4556846618652,34.2678527832031,17.2599620819092,0,0,10.816445350647,20.5838184356689,19.5598907470703,29.9417114257812,16.4201889038086,21.3580455780029,4.97124338150024,8.59419250488281
supine,0,1.16818761825562,15.6053619384766,28.5759143829346,19.8824729919434,0,0,0,14.482536315918,25.2415256500244,34.720874786377,33.2055282592773,54.1355590820312,25.1240768432617,9.92638492584229,22.7245121002197,0,7.28207397460938,24.6694793701172,41.5475921630859,33.6830940246582,4.23651075363159,0,4.57822799682617,0,13.3860025405884,30.0171756744385,49.9487609863281,31.9676647186279,0,0,0.348801612854004,5.10358190536499,1.49517571926117,23.1271190643311,59.6447563171387,26.7096309661865,4.47577524185181,0,1.93499267101288,0,8.49923324584961,21.4510974884033,30.9677124023438,34.4388465881348,3.57570552825928,0,6.88409471511841,0,9.94076442718506,22.1982746124268,52.8159294128418,32.1183128356934,0.795670032501221,0,0,9.21600723266602,14.5729036331177,22.3939189910889,37.4292869567871,22.6871337890625,13.3778381347656,0,12.167797088623
prone,5.49184560775757,11.7021484375,13.682933807373,28.0011959075928,21.2310237884521,13.4243230819702,0,0,34.0165061950684,37.6160087585449,33.434268951416,31.2512798309326,52.5198097229004,41.8410606384277,22.4916744232178,23.1218433380127,6.22880220413208,15.5529527664185,18.4558868408203,38.4730682373047,32.0028190612793,21.6406917572021,0.958343505859375,2.7502748966217,12.7511825561523,30.783483505249,31.9679889678955,52.0510559082031,37.0755310058594,30.2099704742432,4.52370309829712,6.0833911895752,14.5542764663696,9.55025100708008,13.5636711120605,54.4720573425293,20.6627330780029,16.0182723999023,2.39719104766846,0.0669231042265892,8.96803951263428,18.7009372711182,21.056791305542,31.9713363647461,38.8908500671387,22.6937999725342,9.41077327728271,9.11276721954346,14.0919122695923,20.6445236206055,23.1436100006104,55.0346183776855,38.0411643981934,17.2715015411377,0,0,30.3187561035156,23.1901798248291,19.0075035095215,35.6391716003418,27.1130905151367,22.6248607635498,7.76455736160278,12.129714012146
trunk_L,0,17.1393184661865,19.6574802398682,29.5520191192627,28.2034912109375,12.0703687667847,13.6585073471069,2.5414707660675,12.4867582321167,39.6935920715332,31.7040004730225,31.1464748382568,52.4631309509277,36.0880889892578,35.3510475158691,23.1884365081787,0,15.7654218673706,11.9425134658813,34.1729393005371,30.2193508148193,11.8722190856934,12.6397371292114,2.73024940490723,0,29.7714996337891,25.1866092681885,46.0039253234863,33.9953651428223,14.5479955673218,15.9105377197266,3.2808210849762,2.23102760314941,13.3455467224121,12.5449457168579,53.2502899169922,23.9474945068359,12.6952590942383,13.9384231567383,3.25005221366882,0,21.4894466400146,20.1493301391602,29.44287109375,40.4556732177734,17.2234497070312,18.979024887085,10.8414611816406,0,21.5120754241943,20.1996078491211,49.3982963562012,38.0205535888672,11.2305879592896,8.6593132019043,0,9.90848922729492,26.8434314727783,19.5673217773438,32.7893028259277,33.3406715393066,20.6158638000488,16.6500415802002,14.9326944351196
trunk_R,0,2.26410245895386,0,28.1293849945068,21.2043342590332,14.2067489624023,4.33339309692383,2.29956316947937,18.1742496490479,23.3081302642822,17.2332305908203,31.0180759429932,51.3179473876953,41.0317077636719,35.0444030761719,27.6998672485352,0,2.85404205322266,0,34.570068359375,26.9390048980713,16.1188449859619,9.75327491760254,3.11200523376465,1.54903602600098,11.5256652832031,2.40091228485107,47.1025276184082,30.6366558074951,20.8284683227539,13.1406488418579,5.06385469436646,6.8059983253479,0,0,55.4016723632812,20.425874710083,16.686975479126,13.0997200012207,4.93532848358154,0,6.26844549179077,2.95650863647461,28.6695957183838,32.2909545898438,18.3120021820068,14.4113245010376,9.77690410614014,4.3281135559082,11.2216367721558,6.31470727920532,53.3211555480957,35.7762260437012,16.8732242584229,8.8784294128418,1.29350471496582,14.3629732131958,12.7427072525024,3.76829743385315,33.4727897644043,19.936429977417,21.5124225616455,14.1529741287231,13.6741914749146
fetus_L,0,22.5406665802002,24.1275787353516,29.4884948730469,25.974760055542,17.272985458374,0,0,15.648491859436,49.4300994873047,34.6163673400879,32.5663757324219,53.7349739074707,41.6416893005371,12.7312965393066,14.3086519241333,0,25.1357326507568,21.6694793701172,36.9443969726562,32.2299995422363,20.3921432495117,0,0,0,37.3688583374023,27.0778217315674,44.8028373718262,30.4988689422607,17.3928680419922,0,0,3.68066477775574,25.1023197174072,23.2956256866455,56.7039909362793,27.8465747833252,18.8974990844727,0,0.426927775144577,0,24.6285858154297,18.8167572021484,26.4558849334717,32.120777130127,16.0723342895508,0,2.85577940940857,1.46417272090912,30.3023529052734,25.6233882904053,52.1766090393066,38.0424766540527,17.0387954711914,0,0,5.9753475189209,27.6832485198975,17.8352298736572,29.5656127929688,16.9058589935303,20.5574035644531,0,7.78939962387085
fetus_R,0.229229092597961,11.4423551559448,14.2439775466919,33.7501335144043,33.0361633300781,32.1808013916016,32.5014610290527,26.8691921234131,22.6074924468994,27.9735336303711,27.0339641571045,32.9484519958496,55.0847473144531,44.5101432800293,40.8219375610352,41.3661231994629,0,8.50109481811523,5.48402261734009,39.3762397766113,31.9883651733398,24.0052032470703,21.7335567474365,14.3899002075195,0,13.9526395797729,14.6001634597778,47.287841796875,30.3380031585693,22.6085147857666,18.4288845062256,10.3328685760498,11.5661516189575,11.6305894851685,17.1184215545654,66.0797348022461,39.9305267333984,28.7079677581787,27.2649688720703,19.4365844726562,0,6.75272417068481,9.54791927337646,27.6368465423584,30.0744800567627,17.4849720001221,16.0441150665283,12.3162651062012,0.102742649614811,10.0474138259888,10.0711278915405,48.3293724060059,29.3075504302979,13.4049425125122,7.0199236869812,2.70565581321716,8.72393894195557,13.6767244338989,11.2600412368774,32.8440971374512,14.5770235061646,21.2946491241455,14.8280868530273,17.6247844696045
supine,0,24.1601409912109,29.6351985931396,33.1367645263672,31.3356990814209,28.7748508453369,27.4180660247803,0,28.4720439910889,52.1013221740723,37.8565254211426,35.3997840881348,58.8218650817871,47.7833557128906,45.6467704772949,19.8746013641357,0,26.4586238861084,26.3357753753662,42.448371887207,36.9772720336914,28.1059722900391,25.5774974822998,0.426986068487167,1.3110237121582,38.3444023132324,30.7152481079102,50.0557060241699,34.3192253112793,28.2838916778564,22.4783992767334,0,6.44529104232788,21.9597625732422,21.2135753631592,58.8509941101074,28.1777477264404,20.7276039123535,18.5059509277344,0,0.467540353536606,28.2675323486328,25.1197338104248,34.1414222717285,42.5542945861816,27.515022277832,23.6773891448975,5.06913995742798,2.80629444122314,27.6657028198242,25.0951843261719,55.0723915100098,38.0218925476074,19.3558883666992,13.5352516174316,0,16.2897167205811,32.1760520935059,24.5721797943115,39.4743309020996,34.5253105163574,27.2731761932373,20.7653350830078,10.7867317199707
prone,0,10.5417013168335,30.4285488128662,33.1193962097168,32.7587089538574,29.343225479126,26.1573543548584,15.5016317367554,20.2070865631104,32.2176208496094,37.390209197998,34.255672454834,57.1189422607422,47.571346282959,43.2059059143066,36.4512481689453,0,9.44665431976318,24.2517471313477,41.3946380615234,34.8919563293457,26.2870788574219,22.1579685211182,9.89688205718994,0,15.5330839157104,27.9810085296631,49.2814140319824,32.1269950866699,24.4971714019775,18.1164531707764,6.11457252502441,0,0,13.7272529602051,55.0308380126953,18.8824977874756,16.0943565368652,13.8443031311035,3.08737015724182,0,12.0076265335083,23.6404571533203,33.750373840332,40.7633323669434,25.4213047027588,22.078577041626,13.3600378036499,0,13.19859790802,24.1906585693359,55.0682220458984,38.0385551452637,18.2064456939697,12.7330656051636,2.01737380027771,8.29937839508057,20.9714908599854,25.3840236663818,41.0060844421387,38.0663909912109,27.8729858398438,21.6620273590088,19.2293834686279
trunk_L,0,19.8763542175293,25.8529891967773,30.1618499755859,31.0771484375,23.1991443634033,0,28.9699192047119,26.44264793396,48.283504486084,38.025951385498,34.6800498962402,60.5051231384277,48.4542083740234,27.2838497161865,53.3082084655762,0,20.9213008880615,21.1671409606934,36.7678565979004,36.4140663146973,23.0862102508545,0,19.079273223877,0,31.0499858856201,26.7515716552734,44.7301635742188,34.5115547180176,20.8752918243408,0,15.819676399231,0.504132211208344,13.7397394180298,13.4475431442261,51.5868721008301,24.2966899871826,15.6169538497925,0.0340577661991119,12.4628076553345,0,21.2827625274658,19.8588485717773,27.6732921600342,40.8575630187988,20.3976516723633,5.96615028381348,18.7973098754883,0,23.5025386810303,22.3721256256104,49.4560813903809,39.3163757324219,16.340763092041,0,11.6551504135132,14.290135383606,31.873046875,26.1812076568604,36.5916595458984,48.8444480895996,27.7001171112061,12.1110420227051,27.5514526367188
trunk_R,0,1.82894515991211,14.2741622924805,27.7974910736084,24.5260066986084,14.3712606430054,0,0,29.1714611053467,28.0371246337891,36.5579109191895,34.5087013244629,59.1708374023438,47.7591247558594,36.8714942932129,28.8894329071045,0,4.42974233627319,16.1515121459961,36.7803840637207,33.6787719726562,20.6140766143799,8.05468082427979,1.67216575145721,0,10.8704042434692,25.1067142486572,46.9418449401855,33.7005577087402,22.141263961792,7.6281533241272,0.130420938134193,1.91890335083008,0,12.7958154678345,54.0099945068359,24.5582141876221,16.7284908294678,8.34256076812744,0.0200102459639311,0,6.51152276992798,18.3597278594971,29.1048889160156,38.7669677734375,20.4815425872803,12.6247138977051,6.03448867797852,0,9.52418422698975,20.6812515258789,51.4573364257812,38.0707588195801,15.9339027404785,2.97212958335876,0,8.91573524475098,13.9684600830078,19.8670406341553,35.2123146057129,35.509822845459,24.13037109375,13.7433156967163,12.2362203598022
fetus_L,7.47099685668945,25.9517593383789,31.9885807037354,32.4003028869629,30.6493892669678,0,0,3.47443222999573,45.9754371643066,51.1032752990723,36.1804046630859,33.9521789550781,56.1513481140137,24.1923542022705,23.6808986663818,25.8624858856201,6.74863052368164,27.1036472320557,26.5051651000977,39.9858818054199,34.7160720825195,0.24857397377491,0,3.68927383422852,9.90214729309082,40.3447647094727,31.4064960479736,48.643871307373,33.1232528686523,0,0,1.07786381244659,18.818546295166,28.5176868438721,30.3358402252197,61.6040229797363,33.3887596130371,4.73826551437378,6.96608209609985,5.08949422836304,4.62443351745605,23.839807510376,19.6602916717529,27.4928741455078,31.4972534179688,0,2.16700673103333,4.47283983230591,12.7049016952515,29.5794315338135,26.2400608062744,53.6421928405762,36.9564476013184,1.54817974567413,0,0,28.2195796966553,31.7233219146729,23.5364284515381,35.0243797302246,24.4152965545654,11.6670923233032,5.26287221908569,11.5342483520508
fetus_R,0,4.12567663192749,14.6896619796753,27.2257595062256,19.8079376220703,12.2088632583618,8.37594509124756,0,35.364990234375,35.2486419677734,38.5535011291504,35.6631660461426,60.7919006347656,50.5618934631348,47.0355110168457,35.9185028076172,0,9.43958950042725,24.0210189819336,38.7125473022461,32.6379318237305,24.7805652618408,23.4793395996094,5.05975484848022,0,16.9037227630615,29.7161235809326,47.3416137695312,30.8780994415283,25.0881938934326,21.3511829376221,2.29253220558167,7.51929235458374,9.38233661651611,31.1435604095459,62.3987121582031,33.955135345459,26.4180374145508,25.3949947357178,9.70921421051025,0,9.14637088775635,19.5501270294189,28.2042942047119,31.2836246490479,19.5962047576904,19.1356945037842,7.74804830551147,0.707853019237518,13.2911987304688,24.1167049407959,52.0770721435547,34.2377166748047,17.448751449585,14.6484937667847,0,7.73073577880859,14.1020402908325,19.1805000305176,31.5847301483154,14.8497133255005,21.9006633758545,17.0397472381592,11.3977708816528
supine,1.36379849910736,24.2914886474609,26.7259368896484,32.798656463623,27.8578662872314,22.9348087310791,22.9986343383789,12.0686826705933,32.689266204834,50.2605590820312,34.977352142334,33.4429664611816,54.8473815917969,44.4501190185547,40.5199432373047,32.1808624267578,0.167875900864601,27.9793071746826,26.877815246582,43.1872444152832,34.9007110595703,25.59326171875,25.6605758666992,10.1909799575806,2.73150253295898,41.5024642944336,32.1047515869141,52.4446907043457,33.1778564453125,26.3371524810791,24.5725917816162,8.05282974243164,9.00132465362549,27.5471343994141,27.4451389312744,63.5416679382324,29.850793838501,22.5323886871338,22.3300552368164,9.10827159881592,1.48241901397705,29.4727172851562,24.6386737823486,35.2615051269531,37.7770309448242,23.5895385742188,23.6333160400391,13.4044942855835,3.67224478721619,25.9059200286865,21.4081058502197,54.3344612121582,31.1403141021729,13.574236869812,9.93601608276367,0,19.1856250762939,34.4059791564941,25.7487125396729,41.3206520080566,28.4394302368164,25.3211822509766,21.5966339111328,17.4674472808838
prone,0,27.0597152709961,40.8698234558105,35.715763092041,39.6145935058594,38.6883392333984,25.0349674224854,30.6501846313477,0,31.5669021606445,23.1736354827881,22.9834823608398,36.315975189209,24.4984073638916,17.1549377441406,16.9163646697998,0,25.7979412078857,27.9932346343994,41.5147438049316,38.0063858032227,29.8902587890625,18.5047054290771,16.1880283355713,0,34.2645606994629,28.9024295806885,47.4343414306641,33.2806091308594,25.3470325469971,10.0692863464355,10.435338973999,0,18.0222225189209,18.3397369384766,54.975830078125,24.1784896850586,18.6743316650391,10.9475393295288,8.36933994293213,0,24.9876918792725,23.0587635040283,31.1001834869385,40.0063285827637,25.5940761566162,16.0926761627197,15.4861783981323,0,27.0609836578369,26.1607456207275,54.2065887451172,38.4522857666016,20.4310073852539,8.4813985824585,7.78850221633911,4.22870445251465,32.5193901062012,26.8598155975342,38.8586311340332,39.880687713623,29.2628173828125,17.6529331207275,20.9852828979492
trunk_L,0,7.59052610397339,24.9134216308594,30.6668319702148,29.8850173950195,22.9935836791992,0,0,7.2473931312561,17.9423122406006,25.2814273834229,26.0780487060547,40.5713043212891,29.6807708740234,3.3686535358429,0.0289050433784723,0,7.71444749832153,20.105676651001,37.6652526855469,34.5344429016113,22.6740627288818,0,0,0,15.023307800293,28.1694850921631,46.9051513671875,34.6146202087402,23.8578186035156,0,0,0.809528350830078,0.200047209858894,14.8016767501831,53.2503852844238,23.9826946258545,16.3528118133545,0,0,0,9.87437915802002,19.5259017944336,28.0618343353271,37.9233779907227,20.0708179473877,1.47136831283569,2.63422012329102,0.113669015467167,14.2227602005005,24.3516941070557,52.0745582580566,39.3746490478516,18.2178611755371,0,0,5.52995300292969,15.9653825759888,19.9815521240234,32.3330459594727,30.3677959442139,23.3348140716553,2.33216762542725,8.73086452484131
trunk_R,0,2.34673571586609,3.49014949798584,31.1685848236084,31.1316585540771,23.9330768585205,6.35477209091187,0,4.61688852310181,7.84755706787109,14.7885789871216,23.8576984405518,38.1469383239746,27.6944046020508,18.3470096588135,0,0,2.85546803474426,0.157319277524948,36.9180297851562,33.2729606628418,21.1047267913818,9.78173160552979,0,0,10.0704460144043,11.9948472976685,47.8341102600098,34.3501281738281,24.2629547119141,11.3306016921997,0,2.49279499053955,0,0,55.5257263183594,26.6847858428955,18.4821643829346,11.5094022750854,0,0,5.72897529602051,9.58005714416504,29.6422023773193,38.8319816589355,21.8797302246094,14.0118284225464,5.92373847961426,1.36768579483032,10.8125457763672,13.3522615432739,54.2459716796875,40.8388175964355,19.065221786499,8.07133865356445,0,6.21779584884644,11.3619260787964,10.8008966445923,34.0606346130371,31.0873260498047,23.4533081054688,13.0539360046387,9.98404979705811
fetus_L,0,18.9782619476318,20.0070819854736,29.0853271484375,23.6272830963135,0,0,0,0,29.1853485107422,20.831672668457,22.3253993988037,34.2996101379395,1.5447473526001,0,0,0,21.8806228637695,19.8957633972168,37.3490219116211,31.6139316558838,0,0,0,0,35.0169410705566,28.6041717529297,47.2928733825684,32.3638038635254,0,0,0,0,19.7898845672607,20.1151447296143,56.2055473327637,25.6359405517578,0.928468883037567,0,0,0,21.4219646453857,19.0542449951172,27.4618549346924,32.2742080688477,0,0,0.157555505633354,0,27.0308132171631,25.8490657806396,53.0317077636719,37.9186363220215,1.16544449329376,0,0,0,27.0868091583252,20.4548854827881,32.4287109375,21.8630599975586,10.7601165771484,0,6.19330978393555
fetus_R,0,0.396587044000626,28.0387477874756,31.5256061553955,29.6410827636719,26.1279125213623,0,0,1.3453950881958,0.781579792499542,20.7581539154053,21.8920288085938,34.750186920166,23.2642879486084,0,0,0,0.583752632141113,21.781888961792,38.6208610534668,32.520565032959,24.3211612701416,0,0,0,7.65504264831543,31.6980953216553,49.4990730285645,33.8066864013672,29.8836822509766,0,0,8.81397247314453,0,30.8325710296631,63.5380668640137,36.6869087219238,27.3508968353271,0.386869430541992,0.166516840457916,0,1.15861260890961,19.4773464202881,28.3864192962646,32.831844329834,20.6189956665039,0,0,1.85248601436615,6.48602819442749,24.4634876251221,53.2929992675781,36.3655700683594,19.340913772583,0,0,10.5341024398804,7.26431512832642,20.4403133392334,33.9691314697266,21.2325954437256,24.274621963501,0,5.62099695205688
supine,0,24.1059169769287,29.9250564575195,32.638671875,33.5732231140137,28.7604675292969,0,0,0,27.5430164337158,19.3045520782471,19.9327220916748,30.8598003387451,19.2480449676514,0,0,0,26.5470104217529,25.9414615631104,42.0496444702148,39.108943939209,28.5219211578369,0,1.63967370986938,1.01666474342346,40.7518310546875,32.7575416564941,51.734058380127,38.6533164978027,31.4471988677979,0,0,6.26283121109009,24.5268859863281,24.8169250488281,60.8438568115234,34.6077346801758,22.8418598175049,2.65707778930664,0.351564317941666,0,24.1102752685547,19.9720706939697,30.156702041626,38.5399551391602,21.3846435546875,3.81593775749207,3.32011795043945,1.83632218837738,27.2384490966797,23.6275615692139,54.8650932312012,38.310432434082,18.0237121582031,0,0,12.8445320129395,29.2681102752686,20.7954177856445,36.19140625,31.9401607513428,24.6046123504639,4.91097736358643,9.32385158538818
prone,0,12.2236166000366,27.2889728546143,34.5542488098145,34.551929473877,32.1959686279297,30.8645915985107,10.9571466445923,0.315456807613373,17.0561466217041,21.3528499603271,22.7850646972656,35.8553810119629,25.0284652709961,21.9160213470459,1.67622756958008,0,11.3742418289185,18.9443759918213,40.9543342590332,36.5041923522949,26.8928833007812,23.439208984375,6.55617904663086,0,17.973518371582,23.34840965271,48.4260406494141,32.5986824035645,24.9019870758057,18.1557083129883,1.21531355381012,0,2.56977772712708,9.39213848114014,54.7708015441895,21.733850479126,17.2942905426025,14.5663452148438,0.3316370844841,0,13.9033174514771,20.3358097076416,33.0958251953125,42.4124031066895,26.4135074615479,22.5345077514648,11.0863180160522,0,16.1139373779297,21.4493923187256,55.0740852355957,38.1017951965332,19.8766765594482,13.6980905532837,0.0407706759870052,6.6614785194397,18.6645317077637,17.7618103027344,36.8636589050293,31.6853771209717,25.3706111907959,18.2621479034424,13.6028938293457
trunk_L,0,8.71747493743896,20.4793758392334,32.0548706054688,13.4805135726929,0,0,3.52626132965088,0,17.3597259521484,22.0465335845947,22.7098445892334,27.1433010101318,11.8133926391602,12.139307975769,3.85303282737732,0,9.92683124542236,18.6420154571533,41.1229095458984,19.2400417327881,5.4489312171936,5.72405099868774,5.64571237564087,0,23.982551574707,31.6338577270508,54.8397216796875,23.4104480743408,5.72973871231079,10.3991670608521,6.03952074050903,0.0881125032901764,5.71249341964722,17.6591567993164,60.5785255432129,2.95529842376709,7.29827690124512,8.34637928009033,4.37002515792847,0,12.3164567947388,18.397928237915,32.5117645263672,20.1672916412354,6.32486009597778,9.60742950439453,8.44357013702393,0,15.290771484375,21.6540756225586,56.1031341552734,21.1349563598633,5.35737609863281,1.19157254695892,0,0,15.6258344650269,17.3594589233398,37.000560760498,0,13.9342269897461,7.7385516166687,11.8770570755005
trunk_R,0,7.96254014968872,11.8399991989136,33.4298782348633,34.198902130127,33.8870162963867,31.7039947509766,20.0470180511475,0.134934559464455,7.01123809814453,13.6767158508301,21.0642700195312,33.197582244873,21.0460338592529,18.6928977966309,7.66744756698608,0,4.75628662109375,1.90479362010956,37.345645904541,31.3034915924072,22.041051864624,18.3295230865479,8.5294713973999,0,12.8557157516479,14.9699745178223,48.0399131774902,33.1740913391113,27.3692111968994,19.6140079498291,8.23936748504639,4.57105445861816,1.89035379886627,7.87466287612915,59.8028373718262,32.5953636169434,23.405029296875,20.9364757537842,10.4948310852051,0,8.42494106292725,11.8054227828979,29.8941211700439,36.9778289794922,22.7670421600342,19.5438861846924,12.7070360183716,2.01829695701599,11.8245058059692,15.14466381073,54.1486358642578,38.0951499938965,20.3784465789795,13.9651098251343,5.59889078140259,10.3131484985352,15.1573495864868,14.7438316345215,36.3832664489746,32.2938804626465,26.5064792633057,18.8585605621338,18.0094165802002
fetus_L,0,25.0622634887695,29.4524555206299,31.4867763519287,29.8235454559326,27.5008487701416,0,0,0,31.4382877349854,20.9510746002197,22.2212371826172,34.5482940673828,21.8900852203369,0,0,0,23.1358699798584,18.9940891265869,35.6804656982422,28.8656330108643,21.5523891448975,0,0,0,40.8782081604004,32.8176307678223,48.658748626709,33.4258117675781,31.0453643798828,0,0,1.20772624015808,28.5990829467773,30.1122074127197,61.1425971984863,33.3886642456055,26.2485446929932,0,0,0,23.9399662017822,19.2334289550781,27.2119426727295,31.045503616333,19.8006992340088,0,0,0,25.0143032073975,20.6848011016846,47.4144592285156,30.7155590057373,14.7933645248413,0,0,0,27.7962017059326,19.4555358886719,29.771484375,16.2538509368896,22.9590320587158,0,3.4249541759491
fetus_R,0,7.48101186752319,14.5440492630005,26.7286701202393,19.0485172271729,12.9141054153442,7.61781740188599,7.09647798538208,0.346365213394165,16.6742038726807,21.420373916626,22.9540462493896,36.5173301696777,25.539083480835,21.6093654632568,14.2580366134644,0,11.2436103820801,22.9487781524658,37.250072479248,30.910795211792,22.4110698699951,20.729175567627,12.1515455245972,0,22.4039001464844,32.9172554016113,48.520206451416,32.3744773864746,27.2919406890869,22.6750087738037,11.7367677688599,4.78173208236694,10.9047880172729,30.1417236328125,60.4739112854004,30.8273620605469,24.0829982757568,22.8070125579834,14.2387504577637,0,15.3577756881714,24.700553894043,30.3948650360107,36.4131889343262,23.4761638641357,22.217565536499,15.7496557235718,0,16.1374340057373,25.9709625244141,52.1204719543457,34.5994606018066,17.7256088256836,13.3140268325806,5.90171051025391,2.6364119052887,16.481616973877,20.750997543335,30.3937301635742,12.8864393234253,20.8381309509277,14.7393999099731,16.3035697937012
supine,7.9189658164978,18.6392440795898,24.1678905487061,31.5109786987305,29.9292278289795,13.6764936447144,8.05538368225098,5.15030527114868,17.9845714569092,26.295919418335,21.0656070709229,20.8491687774658,33.4903831481934,18.3110752105713,14.5405855178833,0.761282682418823,8.85673141479492,23.597635269165,26.3780384063721,42.8449058532715,39.3571281433105,20.7689952850342,18.1872501373291,9.08383178710938,11.796516418457,35.9449272155762,32.3421936035156,52.0422401428223,37.8121795654297,19.9643135070801,16.5360870361328,7.5119309425354,17.2232341766357,19.6654567718506,22.7165603637695,60.7141532897949,33.3274993896484,16.7097549438477,14.9363965988159,7.05335092544556,8.17939472198486,23.2919921875,22.159423828125,33.3361854553223,42.796142578125,18.3639335632324,16.2865581512451,11.6852827072144,13.243426322937,24.5173568725586,23.9063777923584,55.1242866516113,39.8234519958496,13.8314552307129,7.36847257614136,1.33982181549072,30.1712188720703,26.2795314788818,19.1208820343018,36.3604545593262,31.3803005218506,20.3535690307617,13.4426507949829,13.3086585998535
prone,0,19.4715518951416,35.7853622436523,34.473819732666,37.0551986694336,33.6853065490723,5.24557733535767,0,0,20.7066135406494,19.7343425750732,20.0921535491943,31.3892116546631,20.442346572876,5.5781192779541,0,0,18.3522052764893,23.8422679901123,39.8911094665527,35.2629241943359,25.7536926269531,6.51701211929321,0,0,28.8917102813721,29.600980758667,48.7778625488281,33.9575691223145,26.5087032318115,1.46384525299072,0,3.73993468284607,16.4483776092529,24.7424850463867,60.0946159362793,32.5437164306641,22.9547882080078,8.61738967895508,0,0,22.2954273223877,25.4773769378662,33.9100036621094,45.0496063232422,27.7314014434814,12.4472513198853,5.64784574508667,1.38303220272064,21.8431930541992,24.8513946533203,55.0068702697754,38.5676918029785,19.1329097747803,0.508631765842438,0,8.17582511901855,23.6587314605713,20.7893886566162,35.0760879516602,29.3005275726318,23.8984622955322,8.83983135223389,6.32950782775879
trunk_L,0,24.3382320404053,15.9115591049194,32.8148384094238,30.0689640045166,13.187388420105,12.1066389083862,0,2.47957730293274,30.0193023681641,16.4017467498779,21.110445022583,33.5570411682129,15.3450317382812,13.1550607681274,0,0,23.6279582977295,9.55436515808105,39.6036262512207,32.1800918579102,13.4134855270386,11.594596862793,0,0.167957544326782,36.7590217590332,19.6255588531494,49.299388885498,32.443115234375,11.0476789474487,10.9526510238647,0,6.32130765914917,20.8192138671875,6.97100496292114,57.5696868896484,24.1646213531494,11.8653249740601,11.9834814071655,0,0,24.3383350372314,13.6184005737305,30.5562953948975,34.4863891601562,13.0640707015991,13.9374380111694,3.23997688293457,3.00350880622864,27.563325881958,16.8607959747314,55.0710334777832,36.5911712646484,10.8368253707886,6.96135663986206,0,12.525013923645,29.6434650421143,16.1338520050049,37.2474174499512,25.4883365631104,19.8242282867432,13.9408683776855,9.5778751373291
trunk_R,0,0.449967473745346,0,26.9867172241211,18.5259304046631,9.1799201965332,0,0,0.355578631162643,8.13534641265869,3.28244519233704,21.4722442626953,34.7857322692871,22.5882015228271,9.95285892486572,7.29223203659058,0,5.05287933349609,0,40.6385231018066,32.9338874816895,23.0268573760986,6.36415147781372,9.22090816497803,0,12.9581642150879,0,50.7529029846191,33.1346206665039,24.1800670623779,5.0594162940979,8.40750122070312,2.17258906364441,0,0,59.0817375183105,23.7601718902588,18.4399871826172,7.2664680480957,6.55319213867188,0,8.29612731933594,1.82986354827881,33.273136138916,37.2052192687988,22.3096981048584,11.3644533157349,12.5594244003296,0,11.4732313156128,3.72370219230652,55.9129028320312,37.6606254577637,17.2200012207031,2.43485927581787,3.37464618682861,4.28920698165894,11.9344825744629,0.803669154644012,36.0395393371582,19.6074771881104,21.2343139648438,8.37263011932373,14.056396484375
fetus_L,0,16.0354270935059,10.2362585067749,25.6286907196045,15.9179458618164,2.20328044891357,0,0,2.00843858718872,32.8677406311035,22.4449920654297,22.9577121734619,35.7308120727539,22.612190246582,5.20155382156372,8.0515775680542,0,23.3383884429932,19.4498386383057,36.9385261535645,30.4751529693604,16.8763599395752,0,6.55996942520142,0,36.6277160644531,27.8017139434814,46.7680778503418,31.4728698730469,16.7355155944824,0,5.15368843078613,4.34372186660767,25.3884944915771,24.8911533355713,59.1777610778809,29.5203952789307,19.1876811981201,5.43362283706665,8.73083114624023,0,22.7226867675781,18.2645816802979,26.9136962890625,31.2523021697998,14.1533136367798,3.40977597236633,8.46947002410889,0.988511145114899,28.1063251495361,24.4950790405273,52.1179084777832,37.2165336608887,14.7466974258423,0,1.70570039749146,5.18656826019287,27.0850772857666,18.2686748504639,30.10085105896,17.1009960174561,19.8583660125732,3.89210486412048,12.8537445068359
fetus_R,0,0,11.5597724914551,26.5990371704102,17.6999912261963,10.3110275268555,3.88647079467773,2.86132621765137,1.5826473236084,9.19723224639893,21.5469512939453,22.1557559967041,35.7573127746582,23.6310195922852,20.981616973877,13.4133214950562,0,4.34466314315796,18.0206527709961,36.7013053894043,29.4076232910156,21.1299743652344,18.1905536651611,8.98671340942383,0,12.9983358383179,30.1633243560791,49.6163482666016,32.8025436401367,28.2888412475586,23.5624485015869,10.8420267105103,7.22150850296021,5.81536149978638,28.288724899292,62.3761329650879,34.8060646057129,25.7353115081787,24.7759113311768,14.6967115402222,0,5.96184349060059,18.668628692627,28.245267868042,31.337423324585,19.4476070404053,18.1594772338867,11.4045381546021,1.62841951847076,10.8931503295898,24.1970195770264,53.9388275146484,36.2245216369629,18.5120143890381,14.3523530960083,6.52116775512695,5.27827787399292,11.6954927444458,17.9724426269531,31.9631805419922,16.0874042510986,21.758207321167,15.7946195602417,15.6716613769531
supine,0,19.8811817169189,20.3877353668213,29.6535625457764,24.1366367340088,16.9207153320312,14.1073150634766,0,6.08959579467773,47.3057289123535,34.3076782226562,32.3106727600098,54.0128898620605,42.9602203369141,39.2830619812012,21.684289932251,0,25.6654453277588,24.5363101959229,40.9886703491211,35.766056060791,25.8731594085693,23.3513641357422,4.76094484329224,0,36.1061210632324,28.4394435882568,48.5699729919434,32.4238128662109,23.1172866821289,18.6085758209229,0,0,21.9690380096436,21.6461811065674,58.8360710144043,27.6240253448486,20.2804431915283,18.41162109375,2.00199437141418,0,26.0033340454102,22.8093852996826,32.0662879943848,38.264591217041,23.389627456665,20.8333110809326,9.11270046234131,0,28.4484043121338,25.3650608062744,55.0889892578125,38.0396347045898,18.8870296478271,14.4894495010376,0,0,27.1166858673096,18.8333568572998,34.7699165344238,20.612211227417,21.3259372711182,14.6060256958008,11.0995864868164
prone,16.7130661010742,9.80321216583252,18.0896015167236,28.3198699951172,22.2786769866943,10.5222768783569,0,2.41837930679321,55.6432991027832,32.4632148742676,32.9135704040527,30.9464511871338,51.0130271911621,38.2740859985352,25.5539703369141,28.1404247283936,20.8204765319824,16.0860424041748,26.417028427124,41.1828422546387,36.0943603515625,23.5987033843994,10.7754526138306,12.1790323257446,22.1935272216797,22.8469829559326,27.7586116790771,47.6671867370605,32.2434844970703,17.8410739898682,2.47000288963318,5.84757661819458,30.5650310516357,7.68733739852905,18.6948909759521,56.3016929626465,25.5811004638672,16.0031681060791,7.38497924804688,6.09039926528931,21.1113605499268,15.8985109329224,22.6628494262695,31.0139827728271,39.1015319824219,19.8856983184814,11.8066568374634,12.2872381210327,25.281717300415,17.6876201629639,24.3230228424072,52.9519081115723,37.9336395263672,14.5805997848511,1.80848014354706,1.64705336093903,56.6268920898438,22.6711902618408,23.412618637085,36.6259727478027,31.2092056274414,22.3628997802734,12.2273368835449,17.1188907623291
trunk_L,0,7.83883285522461,14.429443359375,27.7951717376709,23.0653476715088,0,0,8.22548389434814,11.3136339187622,32.5501289367676,34.0029029846191,32.8704566955566,55.8714447021484,29.2722988128662,24.7382640838623,37.3351287841797,0,9.43207263946533,15.1847944259644,35.845531463623,31.2214870452881,2.96896529197693,0,9.5436487197876,0,20.6647300720215,26.6044006347656,46.507869720459,34.1714172363281,0.881592929363251,0.463578850030899,9.85899066925049,2.43140292167664,5.81751394271851,17.3296451568604,55.7206916809082,28.5128879547119,7.71577024459839,5.19955492019653,10.1774072647095,0,12.2913513183594,18.3795680999756,27.6297359466553,36.3831520080566,6.69723320007324,11.2128562927246,13.9739866256714,0,14.5189237594604,20.0708026885986,48.3822898864746,37.1192436218262,5.13626480102539,0.812310874462128,4.81587934494019,6.10954713821411,17.6570110321045,18.0259609222412,31.1814212799072,28.1391506195068,15.6765489578247,11.3033266067505,18.8839492797852
trunk_R,0,3.25346946716309,25.8934154510498,32.7348861694336,29.7381057739258,10.9593963623047,14.0273361206055,5.62704658508301,12.2312650680542,16.5361404418945,34.1352272033691,32.8585510253906,53.8575439453125,34.3074150085449,34.625904083252,24.7721385955811,0,1.58273160457611,19.6926174163818,39.8456192016602,31.5536708831787,11.4675722122192,13.6112585067749,3.46261215209961,0,6.9335732460022,27.3100528717041,49.6364860534668,32.2876968383789,9.19198513031006,11.9263648986816,1.95162713527679,2.49373030662537,0,18.22243309021,59.3071784973145,24.6381664276123,11.3916349411011,13.4212837219238,3.62157559394836,0,5.19738388061523,21.4913501739502,33.0577278137207,37.7060737609863,14.0108251571655,16.6440753936768,9.44318199157715,0.353730916976929,7.05331945419312,22.9662551879883,55.0993003845215,37.2866554260254,10.7152318954468,7.36722183227539,0,7.77565956115723,10.2938528060913,20.1851501464844,38.1980018615723,24.9138641357422,19.0025939941406,14.1520233154297,13.6876249313354
fetus_L,0,22.9790954589844,25.7596054077148,30.5745697021484,27.1779804229736,22.2067184448242,0,4.414719581604,10.2200746536255,47.7791442871094,33.1198616027832,32.0925025939941,52.416748046875,41.6984672546387,14.0581903457642,22.5965671539307,0,24.9496402740479,21.5938472747803,37.1840934753418,33.0104675292969,22.7877788543701,0,3.9896183013916,0,39.435604095459,30.5462131500244,47.4771308898926,33.4809494018555,25.3246822357178,0,2.59090042114258,6.70555686950684,30.9461994171143,32.367115020752,62.5729675292969,38.4024353027344,26.4660167694092,5.34548568725586,9.23356533050537,0,23.9584903717041,19.2324123382568,26.9484386444092,32.7324714660645,18.3833656311035,0,6.84554290771484,0,27.3859920501709,23.3127460479736,50.06005859375,35.0166816711426,16.3542346954346,0,0,2.34296727180481,27.85085105896,18.7080154418945,29.7879047393799,18.866792678833,20.9761028289795,0,10.3659687042236
fetus_R,0,11.6462602615356,10.7120294570923,25.1963939666748,15.4145231246948,8.13112735748291,0,8.53437805175781,11.9643659591675,43.6456756591797,36.7484245300293,33.8378143310547,58.2344055175781,46.3227386474609,36.4653205871582,46.3749504089355,0,16.2574100494385,19.5613708496094,34.6774024963379,28.1481533050537,19.8478984832764,9.4569091796875,13.08740234375,0,30.99609375,32.0527000427246,46.9817543029785,31.552453994751,26.626012802124,13.9190244674683,15.1791391372681,6.60313940048218,25.095458984375,37.7868690490723,62.3893127441406,37.9238471984863,27.566930770874,21.7149677276611,20.8008556365967,0,22.0065097808838,25.1705188751221,29.7590789794922,36.3206825256348,25.0661315917969,17.6053867340088,19.0001754760742,0,19.7855930328369,21.9753112792969,46.3833503723145,29.5664901733398,13.8231382369995,2.6083357334137,5.7484564781189,2.09555816650391,23.34255027771,21.2461528778076,29.5661182403564,11.9620819091797,21.3899440765381,11.7496137619019,18.6486587524414
trunk_L,0,21.3533229827881,21.1811046600342,29.3155422210693,23.7210464477539,16.607572555542,0.419703334569931,0.240646362304688,11.6185636520386,49.7106132507324,34.2946319580078,32.6963272094727,53.3570404052734,43.8886604309082,34.311710357666,24.0949077606201,0,26.7670803070068,25.5405368804932,40.2498054504395,34.9538612365723,24.0409145355225,15.1251802444458,5.97850179672241,0,40.7136878967285,31.6631145477295,50.1707496643066,34.0551910400391,25.7985324859619,13.4901351928711,4.71389532089233,2.94511413574219,23.3507385253906,22.2822265625,58.1739616394043,26.6266174316406,18.994514465332,12.8565950393677,1.8514369726181,0,29.6125469207764,24.9571838378906,32.6783905029297,40.642147064209,23.5841007232666,16.9130458831787,11.0546827316284,2.12573838233948,31.4642238616943,27.2399806976318,56.2826957702637,39.1822242736816,19.5679149627686,10.7463788986206,1.30766427516937,7.77621507644653,31.9588165283203,23.6474475860596,36.6684875488281,29.8166828155518,23.2489242553711,14.2317962646484,13.6897325515747
prone,0,17.2963409423828,9.17420864105225,26.1910247802734,17.4426555633545,8.88036727905273,0,0,11.5039148330688,52.7608642578125,36.0208320617676,35.469425201416,58.9479713439941,48.3724174499512,2.35545134544373,13.0049543380737,0,25.3797397613525,16.9058322906494,37.931827545166,32.7596893310547,23.1866149902344,0,0,0,40.7235107421875,26.8656711578369,48.3634643554688,34.3437080383301,27.4520664215088,0,0,1.19504487514496,23.0994262695312,14.8874311447144,55.6206550598145,26.2868957519531,19.42356300354,0,0,0,26.69873046875,18.7471580505371,29.3979263305664,36.8692321777344,22.9199695587158,0,1.54670321941376,0.956953048706055,31.4913387298584,24.9710445404053,54.8259086608887,39.7275886535645,21.1353988647461,0,0,4.81901550292969,31.8678665161133,18.526237487793,33.8471603393555,27.6991405487061,25.2885837554932,0,7.30612134933472
trunk_L,0,18.5053424835205,15.898175239563,28.2761363983154,21.3123455047607,0,0,0,9.65669918060303,48.2960243225098,34.4607200622559,32.4192543029785,53.7692527770996,25.8764553070068,11.7737092971802,19.9078807830811,0,23.7910022735596,20.681339263916,38.831844329834,31.8779163360596,3.32392239570618,0,2.49036622047424,0,38.3679466247559,30.0263366699219,49.829288482666,33.3832855224609,0,0,2.18043065071106,0.954450607299805,23.5464687347412,22.3737869262695,59.8816375732422,28.4443798065186,5.87124443054199,0,2.96701335906982,0,25.3613681793213,21.0260028839111,31.3084812164307,35.9157829284668,6.50750160217285,0,6.265625,0,28.3120422363281,24.5743885040283,55.0722160339355,37.9597053527832,4.94726037979126,0,0,5.90814542770386,31.9878692626953,23.6998195648193,38.4857368469238,31.3683166503906,17.0698509216309,2.01482367515564,12.7949142456055
trunk_R,0,4.74600172042847,9.73890209197998,35.0305442810059,36.8073997497559,36.8755912780762,0.0785433575510979,5.1289381980896,9.9119987487793,15.7140731811523,22.2445373535156,31.9310436248779,53.2787475585938,42.346736907959,20.7454223632812,14.4158658981323,0,0,0,35.7647743225098,28.7988376617432,19.6523418426514,0,0,0,7.6556601524353,10.0643129348755,48.6265144348145,32.7576522827148,26.9064884185791,0,0,1.67527973651886,0,0,57.0752258300781,24.3769283294678,20.6552124023438,2.87270665168762,0,0,2.86461329460144,7.4978814125061,30.0065059661865,34.9092216491699,22.4974269866943,6.11501502990723,4.38110542297363,0,7.86113166809082,11.6625967025757,54.9701538085938,37.9729156494141,20.2020835876465,0,0,7.07583856582642,10.7015466690063,10.7424173355103,36.9011344909668,28.1760311126709,26.1543483734131,7.5253701210022,10.9557485580444
fetus_L,0,17.9187488555908,14.0200796127319,26.9700489044189,19.1065330505371,3.52822279930115,0,0,23.5348300933838,49.9534187316895,35.9374656677246,33.2238540649414,55.7996406555176,39.7262992858887,19.2509822845459,16.4879131317139,0.144831031560898,23.9598693847656,21.0071334838867,36.9181938171387,30.8220844268799,14.7399892807007,0,0,5.51938199996948,41.2338790893555,32.8117332458496,49.4550323486328,34.4037170410156,18.9109287261963,0,0,10.7130041122437,24.3000259399414,24.5881519317627,57.7056999206543,27.9670867919922,16.5047206878662,2.20061993598938,0.575569868087769,3.73234057426453,28.3002319335938,25.0573444366455,31.4156360626221,39.0006980895996,18.7583255767822,7.3675103187561,6.20320749282837,8.02501487731934,29.0671939849854,26.3503723144531,53.1335487365723,37.1859321594238,14.0143003463745,0,0,18.6704940795898,29.1336269378662,21.1737003326416,32.3230590820312,20.7998943328857,19.9498176574707,3.93399548530579,9.45577239990234
fetus_R,0,5.14682388305664,33.1064453125,32.689151763916,31.3097286224365,29.0904693603516,30.7767314910889,0,7.62823104858398,21.5797729492188,34.9173774719238,32.352237701416,54.4947662353516,43.4087219238281,39.5609436035156,11.9182243347168,0,3.61312556266785,24.6912460327148,38.0830421447754,31.5576114654541,22.9934482574463,21.2751140594482,0,0,11.551308631897,32.0796852111816,48.010440826416,30.4323959350586,24.7632904052734,21.6515579223633,0,4.8454327583313,3.50349235534668,35.3773078918457,63.170711517334,36.3580322265625,26.3766918182373,25.9224853515625,4.14879274368286,0,2.7403552532196,18.3468647003174,26.0629730224609,27.6576843261719,15.74169921875,15.3432359695435,0.585278630256653,0,7.07373428344727,22.3104610443115,48.2191581726074,30.0736598968506,13.3664979934692,9.02390956878662,0,0.326122999191284,9.31063842773438,20.7796535491943,30.9498462677002,11.8567552566528,20.8348541259766,14.863938331604,6.29632377624512
supine,0,25.8330688476562,31.2300567626953,32.095874786377,35.5446586608887,27.8896255493164,29.7674350738525,16.1252689361572,6.71304750442505,47.0665893554688,32.8774681091309,31.0163021087646,53.2356376647949,40.9182281494141,37.3431816101074,29.483434677124,0,26.8431034088135,25.6010150909424,39.123046875,37.9479331970215,26.2358074188232,24.7924900054932,11.3543004989624,0,40.753002166748,30.747917175293,48.4067573547363,37.2824440002441,26.8613128662109,25.0614166259766,8.98211574554443,2.34241986274719,27.8322162628174,28.3167018890381,60.2882270812988,39.5838661193848,23.9090118408203,23.850341796875,10.7241792678833,0,30.942907333374,26.3133678436279,32.3897285461426,46.4006462097168,26.8158874511719,26.4741115570068,15.3476295471191,0,26.8439407348633,21.9820957183838,49.7373657226562,38.0041465759277,15.264762878418,11.8570022583008,0.479403853416443,8.23215389251709,36.9690437316895,28.1580104827881,38.6330680847168,48.7908325195312,28.1575984954834,26.0282764434814,20.2301998138428
prone,1.81254088878632,23.317346572876,34.4673156738281,33.2576904296875,36.5260887145996,30.0044631958008,23.7742824554443,0.241286680102348,15.7177391052246,40.6215476989746,32.3288917541504,30.8800868988037,51.4764747619629,39.413501739502,32.3691596984863,12.9806137084961,0,22.093635559082,24.3942813873291,39.0202331542969,36.9462547302246,24.6377696990967,17.7895355224609,1.51225769519806,2.16691374778748,34.8985633850098,31.536735534668,48.0042533874512,37.0113220214844,25.652099609375,16.6599559783936,0,7.51010131835938,18.0257396697998,20.4720859527588,56.0618629455566,29.8490085601807,18.9248294830322,14.4329023361206,0,1.53681123256683,26.4763889312744,26.3404178619385,32.2255935668945,45.9434356689453,26.6111831665039,21.1687622070312,8.29421520233154,4.41480350494385,24.5601959228516,24.5376300811768,51.3772621154785,40.3474082946777,16.9687976837158,8.64722633361816,0,17.6166896820068,28.4748554229736,23.9237575531006,34.7832832336426,38.1728515625,24.8006896972656,16.3760967254639,11.6049652099609
trunk_L,0,16.3085098266602,20.0129776000977,30.0287075042725,28.2180614471436,13.3688049316406,0,0,10.1545839309692,41.5427589416504,33.4035530090332,32.0602760314941,54.1626396179199,38.9258689880371,25.9998340606689,24.0307998657227,0,19.7293910980225,18.9261341094971,39.4673652648926,35.3541145324707,19.0476512908936,5.06877851486206,5.44651985168457,0,30.741907119751,26.2419910430908,48.0482978820801,34.2714881896973,17.4405040740967,2.35085797309875,2.44156336784363,2.31861710548401,16.9345264434814,17.3996734619141,57.7259216308594,29.4451370239258,16.7963104248047,7.00301694869995,4.16596126556396,0,21.4072265625,20.713041305542,31.1215286254883,42.1966094970703,19.2207851409912,11.2665796279907,9.81949138641357,1.21297419071198,24.6764583587646,23.5072937011719,55.0773811340332,40.8480529785156,15.7832412719727,2.18297505378723,2.16318607330322,12.3796148300171,29.2048416137695,22.7429180145264,38.9745903015137,41.5305366516113,24.2365818023682,13.0430822372437,16.4065570831299
trunk_R,0,0,0,28.2157192230225,20.6499195098877,12.4131174087524,0,0.579904973506927,11.8621015548706,18.4066753387451,25.3086185455322,33.1337928771973,54.4019050598145,43.910945892334,30.1062698364258,31.1882877349854,0,0.697818100452423,2.11828517913818,39.4419975280762,31.8032398223877,21.6234493255615,7.51451683044434,6.63742971420288,0,7.03659868240356,12.7144536972046,49.657958984375,31.1810836791992,22.6075649261475,4.64496469497681,5.00287103652954,2.11923289299011,0,1.24670052528381,59.5063171386719,26.0117855072021,19.9181041717529,10.3373241424561,6.27696990966797,0,4.38163995742798,11.7333574295044,32.8723182678223,36.4677696228027,21.9431552886963,12.1356229782104,11.154393196106,0.0387516133487225,7.18292284011841,13.9344987869263,56.2863311767578,37.8594627380371,18.452184677124,4.48815107345581,3.12371730804443,5.0161395072937,10.2031002044678,12.3660049438477,38.2166862487793,25.7404460906982,23.7236423492432,11.6649580001831,15.0821466445923
fetus_L,0,19.8080806732178,17.1258449554443,27.7529907226562,22.29811668396,4.27132606506348,0,0,6.59381866455078,48.9901123046875,34.4331207275391,32.180061340332,54.8750305175781,35.8679847717285,20.8274478912354,23.9859161376953,0,25.6628398895264,22.5484523773193,38.2715797424316,33.3053092956543,14.7720823287964,0,4.60199689865112,0,38.6582260131836,29.695442199707,46.9168586730957,33.1826133728027,12.6763925552368,0,3.25815868377686,4.00418281555176,32.3920707702637,35.8615837097168,64.1362228393555,43.1120262145996,21.2678127288818,11.4450521469116,10.4000940322876,0,24.8158397674561,20.0344562530518,27.9248809814453,33.6515960693359,12.8533372879028,5.23469018936157,7.4985032081604,0,28.4006023406982,24.9297924041748,51.7061614990234,37.8860893249512,11.6981000900269,0,0,0,28.7405567169189,20.3161849975586,31.3928756713867,21.2324123382568,18.1455669403076,4.68941974639893,11.0542945861816
fetus_R,0,0,19.0348529815674,28.4858875274658,22.4265041351318,15.8887414932251,11.9303789138794,0,13.8066787719727,14.3503065109253,41.3329010009766,37.8888130187988,65.0484237670898,54.4869270324707,50.7701301574707,16.7645053863525,0,0,28.7710018157959,41.1238784790039,35.7077178955078,27.8303813934326,25.7446060180664,0,0,2.33145117759705,36.5072631835938,51.8368682861328,36.050666809082,33.5313415527344,27.7677383422852,0,3.76604771614075,0,39.6481513977051,66.8579940795898,41.1533355712891,30.0636138916016,29.0499362945557,3.09323239326477,0,0,21.649055480957,29.3461933135986,33.0980491638184,21.52659034729,19.6176300048828,0.97817850112915,0,0,22.6382808685303,50.6346702575684,32.0564231872559,15.5370588302612,10.6717948913574,0,0,4.29166603088379,21.5077304840088,34.0232810974121,19.1556491851807,23.3597259521484,17.9902572631836,6.34710073471069
supine,0,12.6076307296753,26.9615726470947,31.3028259277344,28.3817539215088,0,0,0,9.17947673797607,42.4695777893066,41.377010345459,37.7604179382324,63.8669319152832,33.7132568359375,36.9524269104004,8.65350437164307,0,17.6262149810791,32.3097190856934,43.5395622253418,37.6263771057129,10.4014444351196,14.2583036422729,0,0,31.2084522247314,39.094352722168,54.9134864807129,37.9105224609375,8.41351699829102,14.7194871902466,0,0,15.8184576034546,33.7847709655762,64.0793380737305,35.2284240722656,11.0923566818237,14.9365282058716,0,0,15.8132314682007,24.1330280303955,31.9067001342773,36.1972618103027,8.47496318817139,11.5699014663696,0,0,22.5134181976318,29.5672740936279,58.8490028381348,38.7253074645996,9.02011108398438,7.98971605300903,0,3.39616227149963,27.7453079223633,31.8765087127686,43.3084411621094,40.068790435791,21.0894241333008,18.0391006469727,11.0284490585327
prone,0,2.49949240684509,22.3482646942139,29.5547790527344,24.4177112579346,19.6305332183838,0,10.9740552902222,18.2939510345459,28.9720630645752,39.9023857116699,36.7992057800293,61.8057670593262,52.2670402526855,38.5683403015137,43.9216423034668,0,4.27223777770996,22.06813621521,38.8044548034668,32.9784469604492,24.2561855316162,9.27237796783447,10.6288528442383,0,9.91567993164062,28.1293964385986,47.3137626647949,31.7274074554443,24.0285205841064,5.91759490966797,7.61173677444458,3.10965061187744,0,19.5466327667236,56.5780830383301,25.3668460845947,19.6666221618652,10.2222528457642,7.87653732299805,0,8.35829257965088,23.9593448638916,31.6850185394287,40.3996620178223,25.9964370727539,15.1670122146606,14.499587059021,3.47004342079163,13.2535219192505,27.2832870483398,55.071849822998,40.3608131408691,21.1538715362549,8.96851253509521,7.86957406997681,14.5110445022583,16.6106719970703,26.2269897460938,38.3659515380859,36.0151863098145,28.3726825714111,14.8922071456909,20.2815265655518
trunk_L,0,0.960469484329224,17.198263168335,28.1187133789062,20.2654094696045,14.4290008544922,0,10.4333086013794,36.9291496276855,39.7873191833496,47.6277275085449,42.5222587585449,71.481559753418,61.8805656433105,41.9332542419434,62.4280891418457,0,4.13052034378052,17.3890190124512,35.7632598876953,28.0230350494385,18.2233009338379,0,9.10924243927002,0,11.5059099197388,27.0824031829834,46.4374542236328,29.4134311676025,20.5985317230225,0,8.99555015563965,2.1919105052948,0,16.3163166046143,53.8358116149902,18.8783016204834,16.3880519866943,2.02199816703796,8.10705661773682,0,6.7795238494873,20.2702198028564,28.5972728729248,32.2951622009277,19.3505172729492,7.09292364120483,12.8024988174438,1.1893630027771,10.1946496963501,24.3598155975342,52.5343284606934,34.6932182312012,16.8335723876953,0,6.17385053634644,10.1419143676758,14.7474708557129,23.2316036224365,34.8956718444824,23.445348739624,23.8268642425537,8.39649868011475,19.459451675415
trunk_R,0,8.47389125823975,3.52755093574524,31.8435916900635,28.6062088012695,22.6554012298584,19.6415843963623,20.4360446929932,35.6123352050781,41.1786956787109,34.4098777770996,42.8579139709473,72.6795806884766,60.9736175537109,57.5872688293457,62.9945983886719,0,5.68057298660278,0,36.537467956543,29.1887187957764,18.1199626922607,14.446647644043,10.0237998962402,0.122479736804962,15.2264642715454,8.6157922744751,48.4473876953125,31.5387554168701,21.5932464599609,17.0202732086182,11.4334897994995,5.4524130821228,2.15131402015686,0,57.168529510498,23.2195281982422,17.7044525146484,15.9251527786255,10.4437131881714,0,9.89219379425049,7.89212083816528,30.3718490600586,34.5091819763184,19.727087020874,17.5037841796875,14.5843124389648,3.77831530570984,14.7276411056519,12.8165588378906,55.0721435546875,37.9251823425293,17.8094882965088,13.1244325637817,8.29652500152588,11.2028274536133,15.1808347702026,8.91349029541016,35.8388404846191,22.7381992340088,21.8297367095947,15.1344146728516,18.6714649200439
fetus_L,0,18.6803741455078,13.1021575927734,26.6391544342041,19.1463088989258,12.511118888855,0,0,37.1662902832031,69.0523300170898,48.9837036132812,43.2588996887207,75.2134323120117,64.9097518920898,43.1900825500488,50.2846412658691,0,24.0911636352539,19.39430809021,35.9918022155762,31.31028175354,22.3836078643799,0,2.77846527099609,0.966708719730377,37.8861999511719,27.4080429077148,45.4243125915527,30.9118480682373,24.0683650970459,0,1.18680441379547,9.89792251586914,28.2084484100342,28.1880702972412,59.6171760559082,34.9694709777832,24.8519821166992,10.3089027404785,8.68764877319336,0,25.0400409698486,19.6705360412598,27.4461231231689,33.7693328857422,20.720495223999,7.16962385177612,7.1932258605957,4.96799325942993,29.0395107269287,24.1537990570068,50.9323921203613,37.8954582214355,18.6999835968018,0,0,10.4835844039917,27.1161403656006,17.4402008056641,29.5636901855469,17.7067890167236,21.1427249908447,5.08032417297363,10.2184991836548
fetus_R,0,11.7515363693237,14.8768577575684,27.095121383667,19.2931041717529,13.47057056427,4.31496334075928,11.7332220077515,42.9786376953125,58.1893577575684,50.5321769714355,45.107494354248,77.1834030151367,67.8871841430664,62.0638084411621,70.4922866821289,0,15.6471433639526,21.41770362854,37.3447227478027,30.2954864501953,23.8196315765381,17.4523601531982,14.1994018554688,1.75211238861084,26.7009201049805,28.4443893432617,45.9978179931641,29.371696472168,23.8305282592773,15.230902671814,11.5025129318237,13.3638849258423,18.9442710876465,31.1670818328857,61.8437995910645,33.952808380127,26.8385238647461,22.5007476806641,18.2893238067627,0,15.3618974685669,18.2539463043213,26.5921726226807,29.0352096557617,19.014762878418,14.661847114563,13.0638961791992,4.19465351104736,18.1193828582764,21.3441829681396,47.9850730895996,30.5013637542725,15.1967849731445,6.47649526596069,4.56528663635254,14.999623298645,20.8498268127441,18.0052661895752,29.5669651031494,9.8436164855957,22.0706176757812,13.8045091629028,17.346227645874
supine,33.1720848083496,19.4064388275146,18.1849956512451,26.7234706878662,10.8336420059204,11.804500579834,0,4.17652416229248,105.657104492188,56.7634086608887,41.9469299316406,37.4656715393066,55.1548194885254,54.8712425231934,39.2281455993652,46.5398979187012,38.2155799865723,27.8476963043213,29.0198669433594,39.113094329834,24.3023166656494,24.889554977417,9.25724220275879,11.1720514297485,43.5317497253418,42.5539207458496,35.7670249938965,48.8161430358887,24.1335926055908,27.1123046875,7.0832896232605,10.730565071106,52.618595123291,26.9356937408447,29.6982955932617,58.3459434509277,12.9332475662231,21.5314273834229,11.296067237854,9.86771392822266,36.8434295654297,27.1073017120361,23.8200435638428,28.4104633331299,22.9719333648682,19.6122741699219,9.99101638793945,12.2861108779907,41.2176475524902,29.5799007415771,27.2814311981201,50.9974365234375,24.4753589630127,16.190746307373,1.15244352817535,2.78639101982117,87.0749206542969,34.2882118225098,26.8203907012939,34.1503448486328,6.43090581893921,23.6991786956787,11.5809469223022,17.4974689483643
prone,0,16.6411685943604,12.5997457504272,26.2232074737549,18.2165679931641,10.7844762802124,0,0,34.1003532409668,64.3648300170898,47.8991851806641,42.3815536499023,74.1490173339844,63.0584297180176,40.654655456543,50.2275886535645,0,23.4217586517334,20.8980846405029,37.4855995178223,32.9379997253418,24.4228954315186,0.662659466266632,6.22981071472168,0.623689472675323,37.5345344543457,31.0653610229492,47.7269020080566,34.198055267334,28.5679092407227,1.42938935756683,4.95541954040527,9.13924312591553,24.60178565979,26.2386474609375,59.3014984130859,33.4151611328125,23.8543376922607,7.80408334732056,8.06489658355713,0,23.9681453704834,21.1239032745361,28.7907333374023,36.1465950012207,23.0259914398193,7.22833824157715,9.40985298156738,2.97961163520813,26.4979610443115,24.7502765655518,51.155445098877,37.9738121032715,19.0703525543213,0,0,15.3470144271851,29.30637550354,22.9404983520508,33.5547142028809,29.7282390594482,26.1106109619141,7.77416467666626,14.8694152832031
trunk_L,4.57903909683228,5.30870389938354,30.7508106231689,26.3633251190186,40.5344352722168,22.0475921630859,0,4.41826629638672,22.5484027862549,19.1063842773438,32.3054733276367,26.0470123291016,58.3326835632324,43.640697479248,11.7079010009766,27.4791851043701,0,0,6.58931112289429,24.3732585906982,32.4618492126465,15.3455476760864,0,2.49746894836426,1.66074097156525,7.57841873168945,23.4106998443604,36.6318321228027,38.1256675720215,22.3016300201416,0,6.05212211608887,7.32481908798218,0,10.6223993301392,42.8866577148438,31.8981018066406,16.7071475982666,0,3.40121102333069,0,0.130464881658554,13.7677230834961,19.0691318511963,38.6623115539551,15.5973634719849,0,6.91509485244751,5.41250467300415,6.0360312461853,19.6264057159424,40.9688911437988,44.0400810241699,16.2910175323486,0,0.102520309388638,16.0910320281982,8.49765300750732,16.8717975616455,23.5335788726807,37.7337188720703,21.14381980896,0,12.9935569763184
trunk_R,7.38172197341919,26.282112121582,41.8771362304688,27.951042175293,24.5630397796631,29.039421081543,15.4530487060547,14.7215423583984,37.2294120788574,50.6870918273926,37.8716926574707,29.378210067749,50.3628082275391,45.0076637268066,35.7639045715332,30.3843021392822,6.78720474243164,25.9440021514893,33.8846092224121,32.0511131286621,26.3849277496338,24.5600681304932,14.6915512084961,8.87971115112305,9.08949375152588,38.6213569641113,37.2385597229004,40.2478942871094,25.4369335174561,24.3810195922852,11.848388671875,5.9246711730957,16.8153190612793,24.370849609375,32.4838562011719,49.8823051452637,14.6693725585938,20.4503765106201,13.8961133956909,6.57297563552856,7.39999437332153,25.5450687408447,28.2790546417236,23.4847717285156,26.1633701324463,20.5830478668213,14.1431665420532,10.5205564498901,10.7788877487183,26.9799938201904,28.9865112304688,42.3604049682617,26.4508304595947,15.9982452392578,5.02435827255249,0.46007451415062,31.0326232910156,31.2232761383057,30.0055675506592,27.6987609863281,9.4077844619751,23.6897888183594,14.0759534835815,15.8588676452637
fetus_L,0,17.8104190826416,19.2464904785156,28.4644260406494,23.4414978027344,16.3266830444336,0,0,14.8530654907227,49.5512886047363,37.4686012268066,34.6343994140625,58.6849365234375,47.0585441589355,27.9686431884766,22.9697265625,0,23.0316486358643,22.6941833496094,38.2177696228027,33.0600776672363,25.1913013458252,2.1084349155426,1.81845557689667,0,39.9290008544922,34.6557159423828,50.9031105041504,36.5527954101562,35.3225326538086,5.52381277084351,4.0064845085144,3.75568318367004,22.22141456604,23.5180492401123,58.5519905090332,28.749662399292,22.9604816436768,6.45176696777344,2.70804667472839,0,28.9002170562744,26.8714847564697,33.8976249694824,43.3135719299316,30.1759738922119,12.0972852706909,11.4270296096802,0.472366183996201,24.5520153045654,22.7288684844971,50.6265449523926,34.5412902832031,17.5132369995117,0,0,7.31219816207886,27.0867443084717,19.7109699249268,31.7643032073975,20.4316101074219,23.7784900665283,6.38958549499512,9.86430835723877
fetus_R,0,24.2951812744141,32.1435089111328,30.6187572479248,28.3789215087891,25.5504913330078,0,9.69131946563721,24.2697372436523,56.1918601989746,41.3627700805664,36.0925178527832,61.5151405334473,51.2988319396973,30.3882827758789,39.6329612731934,0,25.1267337799072,27.0928745269775,37.1142692565918,31.1773204803467,24.4336605072021,0,8.18388271331787,3.12328267097473,45.0651664733887,41.118278503418,51.0923118591309,36.3175354003906,36.261890411377,2.40345859527588,11.3385190963745,6.69161796569824,27.5923080444336,32.4556274414062,59.40673828125,29.3304996490479,24.0198307037354,5.20831108093262,9.35111713409424,0.358683735132217,32.2592811584473,30.1498031616211,33.2912788391113,41.4665908813477,29.6446437835693,9.88729190826416,15.5973520278931,3.26172995567322,29.425048828125,27.2762966156006,51.7367095947266,35.1880950927734,18.9711647033691,0,3.25513362884521,12.8886785507202,30.7092151641846,24.3764495849609,31.4816493988037,18.0764389038086,23.8307399749756,4.38447141647339,14.5645904541016
supine,0,15.0288305282593,30.730936050415,31.9379119873047,33.7404136657715,25.8375186920166,21.9905452728271,24.9730777740479,15.2741403579712,39.7890319824219,37.4192771911621,34.4455528259277,59.12646484375,47.1520881652832,41.5769996643066,45.3561363220215,0,16.8699703216553,28.2203922271729,40.6814384460449,39.4065208435059,26.1708469390869,21.661584854126,17.1470127105713,0,25.1826324462891,32.0833015441895,49.3438262939453,36.4888305664062,25.7241497039795,19.0336856842041,14.0985269546509,2.22439169883728,11.623423576355,24.502965927124,58.3388061523438,32.3004455566406,20.620153427124,17.3762741088867,12.7944831848145,0,17.4396915435791,24.3794498443604,31.2233600616455,43.6534309387207,22.97438621521,19.5303783416748,17.3923473358154,0.0522482432425022,18.3599624633789,25.7036457061768,53.5027885437012,38.5864143371582,17.3220748901367,10.8639869689941,8.59412288665771,11.7154006958008,25.1719532012939,26.7111225128174,38.0816841125488,41.4361228942871,25.8586978912354,19.1256561279297,21.4115142822266
prone,0.0469858050346375,24.0793838500977,25.9724292755127,31.136344909668,30.9400939941406,24.8739566802979,22.2215785980225,30.0837173461914,18.6822605133057,47.295467376709,32.5796813964844,30.7218532562256,52.6486206054688,40.9243965148926,37.5001678466797,44.2621269226074,0.0110801951959729,26.9250335693359,21.4358577728271,39.8189125061035,36.3795204162598,25.3414440155029,22.1813278198242,20.2543392181396,0.756755650043488,37.030216217041,26.049165725708,46.3292121887207,32.6355247497559,21.4431457519531,16.5012722015381,15.7572212219238,8.3433256149292,24.3115215301514,19.3982009887695,57.5079612731934,29.5058155059814,20.0019054412842,18.4180450439453,15.9892320632935,0.0592091344296932,26.8447113037109,20.0895671844482,29.8765468597412,38.7875938415527,22.0916996002197,19.42942237854,19.6927318572998,5.94078826904297,29.6917495727539,23.8434352874756,53.4415740966797,39.5996971130371,18.4228115081787,13.5806398391724,13.8561935424805,20.5915050506592,33.3995666503906,21.5860004425049,36.2002983093262,35.5454864501953,25.3967876434326,19.1495208740234,23.7973690032959
trunk_L,0,25.64719581604,35.3174896240234,33.8869514465332,37.5097465515137,22.8663768768311,0,20.2124271392822,14.3144235610962,44.7321815490723,33.1857299804688,31.9197235107422,53.4164085388184,35.901309967041,19.7896022796631,30.7108612060547,0,23.1577434539795,21.4647769927979,38.9418792724609,35.6607246398926,16.2689762115479,0,10.0329866409302,0,33.9009094238281,26.2194499969482,46.1988067626953,32.8024482727051,10.5515556335449,0,4.65982055664062,0.999737560749054,14.1077394485474,9.94414615631104,51.8178443908691,17.8763580322266,7.71479463577271,0,1.82055938243866,0,22.7313079833984,19.6294002532959,28.9285430908203,37.3696708679199,13.7051124572754,3.55614495277405,11.0790510177612,1.02194142341614,25.9796543121338,23.3633708953857,52.5606956481934,38.0422172546387,11.3466653823853,0,2.63156247138977,10.1075077056885,27.2214965820312,19.7060012817383,34.1406517028809,29.5467357635498,19.5912742614746,4.6809983253479,15.8006715774536
trunk_R,0,7.05936813354492,7.89806222915649,33.3276481628418,33.9009552001953,24.0067691802979,11.6354598999023,14.2655458450317,16.0183486938477,22.8987274169922,23.884557723999,31.9087829589844,52.988842010498,39.3410758972168,30.2719955444336,28.7957859039307,0,3.41742897033691,0,36.7919960021973,29.3513317108154,14.2650375366211,5.22009992599487,4.95241546630859,0,10.0497140884399,9.29010105133057,46.666088104248,29.8346195220947,13.2241439819336,3.75452613830566,3.40030264854431,4.41539239883423,0,0,57.177059173584,23.2819766998291,14.855658531189,8.86197948455811,4.89594888687134,0,5.97786569595337,9.65336894989014,30.4640445709229,35.5258483886719,16.9428768157959,11.8210935592651,10.7859163284302,3.95456695556641,10.3482666015625,12.7065629959106,55.0266532897949,38.0425834655762,14.796989440918,4.36680316925049,2.37426543235779,10.9288377761841,10.5019826889038,9.00783538818359,33.8042411804199,21.3087406158447,20.0418262481689,9.8751916885376,12.6193914413452
fetus_L,15.3685579299927,24.0858402252197,34.424633026123,33.6400833129883,34.8071899414062,32.5425262451172,6.27820539474487,7.01622772216797,46.2832374572754,45.1246948242188,35.1349906921387,33.2255325317383,54.7303161621094,44.198169708252,27.6813354492188,23.1544437408447,9.40860080718994,18.3462543487549,17.0244541168213,35.547908782959,29.7641849517822,19.9262943267822,0.175191447138786,0,14.1230554580688,30.3164367675781,27.1269359588623,45.4842834472656,30.9448699951172,22.6550598144531,0,0,25.5545482635498,23.4991436004639,30.5814208984375,61.4851684570312,36.092456817627,25.5029315948486,11.5966491699219,6.25716781616211,9.0227518081665,16.6617069244385,16.5272903442383,25.1282196044922,29.3160037994385,15.7722091674805,4.40278387069702,1.68909537792206,15.8302917480469,22.1058044433594,22.9475154876709,49.2667388916016,34.1500053405762,16.2107830047607,0,0,32.488224029541,23.2937183380127,17.3562793731689,29.5328845977783,14.22620677948,20.5935077667236,5.60774087905884,8.41236400604248
fetus_R,0,16.1183929443359,14.7925491333008,26.4664840698242,18.0276699066162,11.7271413803101,4.27878522872925,12.2844724655151,21.3770427703857,48.4817810058594,36.1217994689941,34.0567207336426,56.3130836486816,45.5727081298828,42.5943298339844,46.2507514953613,0,20.5062122344971,19.580228805542,35.3706893920898,28.5255260467529,20.7257385253906,16.4039878845215,13.3687314987183,3.40371036529541,35.9760627746582,32.5170516967773,47.3858947753906,31.3996353149414,28.2798976898193,20.687141418457,15.129246711731,10.6760187149048,24.8353176116943,30.2563781738281,60.2993354797363,30.3339443206787,24.6921901702881,22.4956531524658,17.3024826049805,0,19.1344432830811,17.9700183868408,25.3276462554932,27.5266017913818,16.8293533325195,14.3428373336792,12.7737455368042,4.1554913520813,23.7800235748291,23.6379795074463,48.7482414245605,31.1749114990234,16.5789279937744,9.58075618743896,7.01763153076172,11.0553541183472,24.9694042205811,18.1029491424561,29.5575046539307,9.63489055633545,20.6152381896973,14.0698471069336,17.3840789794922
supine,0,20.9893970489502,19.6281299591064,29.9661655426025,22.9596767425537,15.9116744995117,7.14639520645142,0,15.763313293457,44.5398139953613,31.2373962402344,29.92333984375,49.6367988586426,37.3415374755859,32.6648063659668,14.606240272522,0,26.2872753143311,24.5961360931396,41.7242050170898,32.5362319946289,24.3411502838135,18.5861053466797,3.65042471885681,0.811862766742706,38.0506706237793,28.7457180023193,49.7807426452637,30.2351989746094,22.7740039825439,15.0043153762817,0.244278565049171,6.92170524597168,24.2384243011475,22.0232830047607,60.5481262207031,24.2825393676758,19.9882202148438,16.1700973510742,2.62310814857483,0.645636558532715,28.16015625,23.424524307251,34.0000648498535,35.9258766174316,22.8210144042969,18.6794891357422,8.79079723358154,5.09761476516724,29.3032455444336,24.7384090423584,55.3806495666504,34.8749732971191,17.2722854614258,10.0281095504761,0,17.0696182250977,31.6131954193115,22.6593322753906,38.6495513916016,21.6680755615234,23.4865970611572,15.1264142990112,11.7799224853516
prone,0,8.49621486663818,26.3480014801025,30.6378383636475,29.1760272979736,22.1973819732666,21.3121662139893,26.3714694976807,15.6826019287109,30.414571762085,35.6545219421387,33.4761657714844,55.8658027648926,45.3588371276855,41.6397132873535,48.0393981933594,0,8.66481304168701,23.6672439575195,38.6810340881348,34.8534317016602,24.6450729370117,21.8525218963623,18.135570526123,0,14.0119361877441,26.1415405273438,45.0670280456543,30.5564823150635,19.1788864135742,15.9020967483521,12.7971925735474,2.79288268089294,2.79395651817322,20.2131004333496,55.7616539001465,27.2073726654053,19.0511093139648,17.9812774658203,13.8502197265625,0,13.7268533706665,25.18532371521,31.4771060943604,42.948558807373,25.9897365570068,23.3929195404053,20.9190082550049,0,9.80543041229248,19.617956161499,46.773754119873,31.2290096282959,12.6646699905396,6.51767730712891,5.34560823440552,11.7230348587036,16.888521194458,23.3208770751953,34.9592170715332,31.1595554351807,25.0450687408447,19.3546924591064,21.2989196777344
trunk_L,0,0,16.0061092376709,29.8777313232422,19.6754589080811,0,0,0.693378686904907,11.4510192871094,16.7955837249756,34.6852645874023,33.9507789611816,53.6505584716797,31.9038906097412,25.3134078979492,30.5814075469971,0,0.119879275560379,18.0217742919922,39.7453651428223,28.0243225097656,6.77751207351685,0,4.64574480056763,0,4.97044944763184,26.430643081665,50.080150604248,28.5472927093506,3.65662407875061,0,3.50453186035156,0.0385866537690163,0,12.8618431091309,56.8651237487793,13.8083295822144,5.36381530761719,2.31794142723083,2.45627474784851,0,2.48633074760437,19.3491649627686,32.1012001037598,30.4467449188232,8.53861618041992,7.2570686340332,9.28946971893311,0,4.5787181854248,21.7439880371094,55.2905082702637,30.7155284881592,6.7821478843689,0,0,3.75720405578613,8.13267040252686,17.7919292449951,37.3901100158691,9.85154724121094,15.2510652542114,6.34372568130493,12.8001718521118
trunk_R,0,9.5103235244751,21.7413082122803,30.5576782226562,17.6356258392334,8.21989154815674,0,0,14.9903841018677,35.2946128845215,34.8202056884766,33.0926551818848,50.0753364562988,36.9959564208984,27.0811100006104,22.5502986907959,0,9.3144998550415,14.5439958572388,35.6721992492676,19.3215274810791,8.00676345825195,0,0,0,20.9434909820557,27.3271007537842,48.6280097961426,23.5504512786865,9.87335968017578,0,0.258954793214798,3.62576675415039,9.00859260559082,20.9882965087891,58.9129333496094,13.1013765335083,12.8052263259888,7.21575212478638,2.3327419757843,0,14.7438611984253,21.3502197265625,31.173490524292,25.8776569366455,13.8898706436157,8.85919666290283,7.99082136154175,2.31651329994202,17.3913650512695,24.6419162750244,55.0766906738281,27.8674335479736,11.292181968689,0.0493105240166187,0,7.6513934135437,18.9650859832764,20.1577682495117,35.1929512023926,4.81609392166138,17.9580898284912,7.25299263000488,10.5057544708252
fetus_R,17.5145149230957,27.2912216186523,131.183547973633,59.3891334533691,89.5018997192383,93.0337295532227,106.062316894531,44.5315093994141,33.5662994384766,33.4599647521973,59.6001091003418,48.8787956237793,83.6365737915039,65.8090209960938,59.5593566894531,35.6831359863281,5.53915596008301,9.97142219543457,18.9923114776611,35.8675422668457,28.5947208404541,19.6120529174805,16.6892681121826,8.59958934783936,3.00667929649353,22.8124008178711,31.2807102203369,47.4934997558594,31.9010372161865,23.9851913452148,20.25172996521,9.58255386352539,12.3129425048828,13.0820922851562,30.6990833282471,61.2578544616699,33.4205932617188,24.6639652252197,22.8867263793945,13.4884910583496,0,10.4122266769409,17.334285736084,25.5393524169922,27.7653255462646,14.8708639144897,14.3008184432983,9.59213829040527,2.30515599250793,13.646842956543,20.4107112884521,46.9529609680176,29.1969833374023,12.2342376708984,6.49944877624512,0,14.8760366439819,16.2117900848389,18.7744674682617,29.6714019775391,11.0677719116211,20.5866012573242,14.15735912323,14.3365983963013
supine,0.990108549594879,25.7087154388428,30.9884490966797,33.990062713623,26.2743816375732,27.1004867553711,17.4543304443359,24.7035655975342,18.420654296875,45.609619140625,31.7013759613037,30.7316608428955,48.3609771728516,39.3531150817871,31.7298793792725,34.8414421081543,1.81495571136475,25.6805286407471,23.4266490936279,40.967041015625,28.1999454498291,22.7845363616943,15.4590330123901,14.22252368927,1.18643808364868,34.1764488220215,25.5061664581299,47.0202331542969,23.8073272705078,16.5027599334717,7.97577905654907,8.21127033233643,8.61197280883789,22.8247699737549,21.8995380401611,59.9540061950684,17.3987560272217,19.148645401001,13.9675397872925,11.631519317627,0.228652238845825,25.5053806304932,21.6648921966553,32.184139251709,29.0297260284424,20.0397205352783,15.0250549316406,15.0642099380493,3.28652691841125,25.3864059448242,21.4565105438232,53.7859153747559,26.6881809234619,13.3577394485474,3.49423599243164,3.96376299858093,14.3125152587891,27.2413425445557,18.6486415863037,35.2756958007812,7.15939855575562,20.5873317718506,11.8219175338745,17.0322132110596
prone,0,17.4505596160889,21.7521266937256,29.4157848358154,23.0419216156006,12.9561910629272,11.9788513183594,19.2991886138916,14.6934080123901,42.4320945739746,32.7226600646973,31.0321807861328,50.8152618408203,38.6728515625,36.6600341796875,39.8862838745117,0,19.7508430480957,20.5945339202881,38.129566192627,30.5026569366455,18.0454959869385,17.5846710205078,15.0016145706177,0,29.7447357177734,26.60231590271,46.3221282958984,28.5004825592041,14.4293775558472,14.1403188705444,11.7497634887695,4.71634531021118,14.8475351333618,16.7205028533936,54.7145500183105,19.2100696563721,14.3608732223511,14.1749639511108,11.0532217025757,0.0266441106796265,23.0913105010986,23.8726806640625,31.5483417510986,37.5789680480957,20.0256786346436,20.0481014251709,18.5186901092529,5.72339773178101,26.7069396972656,27.3236522674561,55.288875579834,38.0361595153809,17.598596572876,14.8335409164429,13.0512857437134,10.959433555603,25.2384510040283,20.7653102874756,33.5266571044922,16.5640316009521,20.419807434082,14.1563005447388,19.0413951873779
trunk_L,0,12.2678108215332,20.380277633667,29.8939380645752,28.9855899810791,10.5165586471558,0,13.5397462844849,15.5669326782227,33.0189018249512,31.5605754852295,30.7454891204834,52.3053321838379,33.7080345153809,26.8038082122803,30.5595245361328,0,12.7635316848755,14.3776903152466,35.0388069152832,32.1699714660645,11.3517990112305,4.37120580673218,8.65113162994385,0,22.02978515625,22.8884353637695,43.952564239502,31.4101867675781,6.9076886177063,0.782815277576447,6.74371767044067,2.25119614601135,4.17523956298828,5.86584329605103,49.4073524475098,16.3661823272705,7.36935472488403,2.88202667236328,3.57200598716736,0,15.2988080978394,17.7257480621338,27.7023487091064,37.666088104248,13.2903356552124,9.7238130569458,12.4638900756836,3.06533908843994,17.1444759368896,19.9388389587402,48.8543395996094,37.9070014953613,10.0082550048828,0.312176495790482,2.76311564445496,14.0347547531128,20.6204395294189,17.3608112335205,30.1004428863525,29.4974594116211,18.9295806884766,10.0690097808838,16.3044967651367
trunk_R,0,2.22281718254089,9.21194553375244,26.8538150787354,16.7642154693604,4.44669485092163,0,0.802565515041351,25.0351333618164,36.7551422119141,40.8650398254395,38.5019569396973,64.1390609741211,51.1287117004395,43.8760719299316,47.6047019958496,0,6.77685308456421,13.0971603393555,37.4667472839355,26.8083038330078,14.9542970657349,7.57970237731934,7.5424017906189,0,16.0232467651367,25.8962345123291,49.5344123840332,30.2128734588623,17.9089488983154,10.7999649047852,8.16980266571045,3.85819268226624,2.17247319221497,14.0653839111328,57.2418327331543,18.4283294677734,15.0577163696289,10.6896085739136,7.16993474960327,0,9.76833629608154,18.0753879547119,30.8574676513672,31.6336917877197,16.5504093170166,13.2452898025513,11.5739221572876,2.08736896514893,13.7946214675903,21.3866424560547,55.072582244873,32.7678680419922,13.8365716934204,5.57623529434204,3.98308873176575,4.55168342590332,12.5221376419067,15.5005302429199,33.052734375,9.20792484283447,18.5356521606445,9.15870666503906,13.0894784927368
fetus_L,21.2630252838135,21.2058696746826,20.2612991333008,27.3037967681885,24.1470355987549,10.0773115158081,0,0,78.8141403198242,57.8836364746094,41.393611907959,36.1954078674316,63.8586387634277,48.0250854492188,39.0168571472168,34.9990653991699,19.6832714080811,20.7816944122314,14.1795349121094,31.3119659423828,26.9300289154053,10.2082929611206,1.4149432182312,0.32711124420166,25.3248271942139,36.350212097168,27.0074920654297,42.760181427002,30.1021823883057,11.5228414535522,3.69807314872742,1.47355210781097,39.3389015197754,29.2398815155029,30.6465473175049,58.5300903320312,36.3194770812988,20.6142044067383,15.36021900177,9.58675384521484,19.7381534576416,22.541410446167,17.3187808990479,23.990478515625,30.1908092498779,11.5226793289185,7.62632513046265,6.20729303359985,27.89919090271,27.7668514251709,23.0915355682373,47.1822319030762,35.3874015808105,11.6874799728394,1.0008819103241,0,54.3428916931152,27.088472366333,17.3602352142334,27.310676574707,14.204442024231,17.5942935943604,7.21134233474731,9.8594446182251
fetus_R,0,3.23755717277527,12.7306928634644,26.5220279693604,18.7435245513916,10.9443550109863,4.81759691238403,4.56344366073608,35.0617523193359,38.6517028808594,42.6331939697266,39.0420188903809,66.4230346679688,56.3403434753418,51.3689231872559,50.3856811523438,1.05204236507416,9.29760456085205,20.1244468688965,37.3706359863281,31.8470916748047,22.8801498413086,19.8165111541748,11.0194730758667,4.57266998291016,16.2160587310791,26.6839847564697,46.5283088684082,30.6777210235596,22.7707443237305,18.6652355194092,8.69919013977051,13.0998039245605,9.13108158111572,26.4508876800537,60.496826171875,33.115550994873,24.7096118927002,22.6547145843506,13.1609382629395,0.664948761463165,8.79959774017334,17.2461948394775,26.6469802856445,30.9209575653076,17.8941268920898,16.6725463867188,10.9350519180298,4.62931537628174,9.99773120880127,17.6698760986328,46.5703430175781,29.1073703765869,12.4216423034668,6.17334747314453,0,16.1511096954346,14.2533941268921,17.3593578338623,29.6091365814209,14.4578104019165,20.7418804168701,14.1593399047852,14.4509429931641
supine,0,27.6768169403076,34.9567451477051,35.1338310241699,34.2021751403809,33.3794746398926,31.9716320037842,25.8643951416016,25.8707675933838,59.9239158630371,43.0861968994141,39.5065231323242,66.7605361938477,55.8476371765137,52.3487663269043,53.3587341308594,0,24.3601131439209,21.1297855377197,39.4418449401855,31.4013423919678,23.3719921112061,18.791540145874,11.7537117004395,0,36.622974395752,27.8593673706055,48.4149627685547,30.3062343597412,22.8996124267578,17.2743663787842,10.0556917190552,4.57396936416626,23.9084377288818,23.8474273681641,59.7810478210449,27.2749423980713,21.6236019134521,18.8565444946289,11.7710723876953,0,29.3233280181885,25.2892360687256,34.7682266235352,39.6664276123047,27.265007019043,22.7510166168213,17.7144718170166,1.66188752651215,27.6839389801025,24.2709941864014,54.9393348693848,35.5944595336914,17.6725826263428,11.8943328857422,6.20792055130005,11.8371658325195,30.8330841064453,23.2231998443604,37.8498115539551,24.7622737884521,25.2571563720703,17.7319030761719,19.3152828216553
prone,0,21.9471454620361,24.6063938140869,30.2193431854248,26.6946315765381,24.1057052612305,18.1100311279297,20.4575996398926,31.3049926757812,55.7094841003418,40.3189849853516,37.1629981994629,62.0845642089844,52.2925300598145,48.1861534118652,52.2228202819824,1.01909339427948,25.8549251556396,26.1435089111328,39.483226776123,36.023868560791,28.7315902709961,23.8577041625977,17.3797130584717,3.6668484210968,37.7206344604492,30.1897640228271,47.8473663330078,33.5760078430176,30.0046920776367,20.3685626983643,13.5788450241089,7.64025354385376,18.6029376983643,15.7183227539062,53.3049507141113,20.6936779022217,18.2885875701904,14.9554862976074,10.0623292922974,1.5484219789505,26.0638790130615,23.1327495574951,30.1215229034424,38.8508338928223,26.320426940918,20.7881374359131,17.4388637542725,4.81531143188477,24.7923450469971,21.6492404937744,49.2495231628418,33.9786949157715,17.8491687774658,8.92702198028564,5.41020202636719,19.8506488800049,29.7391662597656,22.7333583831787,33.6492195129395,28.8337574005127,26.8466739654541,17.8521976470947,20.525899887085
trunk_L,1.12071168422699,12.0817365646362,29.3923740386963,32.529712677002,33.5669364929199,25.9230251312256,12.2037763595581,27.8744144439697,29.630277633667,40.3356513977051,41.4317283630371,37.9861526489258,65.266960144043,52.9120178222656,42.2428436279297,54.567211151123,0.0448063611984253,11.0842981338501,21.1079158782959,38.1327095031738,34.6680183410645,22.3823547363281,12.3939199447632,16.1858806610107,2.0047824382782,19.4098052978516,27.3154354095459,46.4390449523926,33.7515602111816,20.6941699981689,8.10636234283447,13.306622505188,3.13211369514465,0,6.67874145507812,49.0134468078613,13.5827302932739,11.2810029983521,4.66534471511841,6.15066766738892,0,10.6576499938965,18.2862644195557,27.5524387359619,35.4141807556152,17.5773525238037,11.2448053359985,14.9972610473633,2.70293354988098,13.4962015151978,19.9909076690674,47.9947547912598,35.3620071411133,12.9996032714844,0.922068417072296,5.56779336929321,15.3244695663452,16.8865013122559,17.7910900115967,30.9850158691406,25.6581363677979,20.7239398956299,11.3225479125977,19.2366313934326
trunk_R,0,11.3643064498901,0.198465958237648,29.8834552764893,26.3395481109619,17.3288249969482,7.52999639511108,21.8596363067627,31.3477802276611,43.5048675537109,32.582447052002,40.0463218688965,67.3894958496094,55.3183288574219,48.1683044433594,60.9332275390625,0,9.98379802703857,0,35.5401344299316,27.9247436523438,15.8834638595581,8.96160984039307,12.6373643875122,2.01826739311218,22.5391101837158,11.8958902359009,48.4831047058105,32.6836547851562,20.30491065979,12.4518432617188,14.5861845016479,8.59367847442627,8.41078853607178,0.184864342212677,58.6263236999512,27.3977489471436,18.8585109710693,14.4425687789917,14.3079719543457,0,14.1689376831055,8.24214172363281,29.8123264312744,35.1779365539551,18.4685077667236,14.5346260070801,16.6953983306885,6.01325464248657,17.5265979766846,12.5353927612305,54.8904113769531,38.0446281433105,16.4353179931641,8.07237815856934,10.9854316711426,16.8244304656982,20.6510543823242,11.6151838302612,36.4844398498535,28.3260498046875,22.4668483734131,14.1615333557129,20.7367630004883
fetus_L,9.79165935516357,15.3893213272095,8.63340091705322,25.3858890533447,14.5427331924438,7.2545166015625,0,0,64.2068176269531,58.6736640930176,43.2093658447266,38.9953498840332,65.5180053710938,55.5167655944824,37.5505676269531,37.331371307373,12.1512260437012,18.2779560089111,10.3982715606689,31.7646427154541,23.4618225097656,14.0352210998535,0,0,18.7737941741943,36.2085342407227,28.3150463104248,46.2026519775391,30.1751079559326,24.967191696167,1.62167870998383,1.02564287185669,33.7487411499023,29.5025405883789,33.4219932556152,62.4930839538574,37.906982421875,27.4198379516602,14.2178573608398,9.90557479858398,12.6673784255981,19.1915836334229,15.1083154678345,24.3322277069092,25.7806339263916,14.6036758422852,3.65055537223816,3.70470404624939,20.7001934051514,26.7023468017578,24.0439319610596,50.2464904785156,34.5024871826172,17.6753444671631,0,0,42.3388023376465,26.7934131622314,17.3929347991943,29.4943561553955,10.7902536392212,20.6259174346924,5.13602113723755,9.70221424102783
fetus_R,0,7.10864210128784,9.53842639923096,25.3017826080322,16.1945953369141,6.7271409034729,0,7.99866676330566,36.0909614562988,49.8952293395996,45.7737312316895,40.9925422668457,70.3379669189453,60.0165405273438,56.1156959533691,63.9775199890137,0,13.1209058761597,18.9405078887939,35.3131370544434,28.1466312408447,19.8200359344482,17.1410789489746,13.1573629379272,3.3909957408905,28.1589050292969,33.1167068481445,48.9000053405762,32.7566986083984,29.2087841033936,24.4498424530029,16.3409481048584,12.6279344558716,19.4091510772705,35.2898559570312,63.8494529724121,36.8610382080078,27.8632202148438,27.1171627044678,20.4250164031982,0,12.8434219360352,17.239185333252,25.8379154205322,27.2168350219727,15.8051977157593,15.6188516616821,12.9272451400757,2.21665072441101,15.6192274093628,20.3493881225586,47.4054679870605,28.9653720855713,13.1746950149536,8.43499851226807,4.67414522171021,13.9742736816406,19.1014232635498,19.2404251098633,29.7604885101318,11.2960510253906,20.7719783782959,15.0781412124634,18.4039154052734
supine,0.195229604840279,21.8059768676758,21.4042453765869,30.8525524139404,25.38818359375,14.733099937439,16.9008502960205,15.9993209838867,31.2751083374023,56.4496765136719,40.0839233398438,37.0965995788574,62.4020385742188,49.042407989502,47.4464302062988,48.3353996276855,1.7923412322998,26.0695858001709,23.5819873809814,41.354679107666,34.4416847229004,21.2305355072021,22.9469604492188,13.9200134277344,5.92813730239868,42.0865287780762,33.2428207397461,52.8694267272949,35.8733940124512,25.1676959991455,26.0454921722412,14.5506410598755,10.5606718063354,24.6917095184326,23.6702270507812,60.8065757751465,28.7713832855225,18.6815319061279,20.8010807037354,12.5695848464966,0.188687607645988,24.3285655975342,19.4864711761475,30.9024906158447,33.6780090332031,16.3802738189697,18.8997211456299,13.6742010116577,6.96985626220703,29.0587997436523,24.7904644012451,56.2176094055176,37.9652557373047,15.6538572311401,15.4135208129883,7.91477060317993,21.4955272674561,30.9626617431641,21.7411861419678,38.4511756896973,27.6910934448242,21.537633895874,19.6847057342529,19.5026302337646
prone,0,1.18929016590118,8.49856662750244,25.1097393035889,16.6107444763184,4.78530788421631,0,10.5839576721191,24.2686023712158,37.6812133789062,42.3828392028809,38.9801063537598,67.0309524536133,54.2898597717285,50.2384948730469,61.7697944641113,0,8.13156890869141,19.7060871124268,37.1946601867676,32.8621406555176,20.6639003753662,16.2890186309814,16.8958339691162,0,16.7060966491699,27.7335815429688,47.5218238830566,33.616024017334,20.6831493377686,15.9036102294922,15.3468008041382,3.88947463035583,1.00119507312775,16.6291255950928,54.676929473877,25.1461791992188,16.6823749542236,14.2021989822388,13.0754480361938,0,11.5657615661621,21.6296634674072,30.1976718902588,39.055103302002,20.7611141204834,18.2823657989502,18.8894500732422,1.53631842136383,12.13538646698,22.2943878173828,50.8374633789062,37.942195892334,14.8238143920898,8.43472671508789,9.72829818725586,10.7123413085938,16.1803550720215,20.8616123199463,34.1057472229004,29.2213191986084,22.0544109344482,14.3836975097656,20.7388706207275
trunk_L,7.19538307189941,2.40205550193787,11.2849054336548,26.8124904632568,19.2637023925781,9.86458969116211,0,6.5350661277771,54.3034782409668,35.1817321777344,40.1289558410645,37.6553649902344,64.3659133911133,52.7767028808594,45.627685546875,49.2343444824219,6.01358032226562,2.75689053535461,4.67988252639771,31.2565975189209,23.2349700927734,10.9429054260254,3.30199241638184,3.67737412452698,15.7382621765137,19.4014511108398,28.0690593719482,49.3242378234863,34.3992576599121,26.6220703125,16.5908317565918,12.2957649230957,19.9413967132568,2.56409287452698,14.438084602356,55.8366737365723,23.9036102294922,17.9648818969727,13.2896013259888,9.52599239349365,6.21216821670532,5.69291305541992,12.4608716964722,24.9811191558838,26.7752933502197,12.7211065292358,9.38623714447021,9.13031005859375,16.9582004547119,14.5759687423706,22.331937789917,54.0775184631348,38.0418243408203,17.6835250854492,9.46743392944336,7.22927618026733,43.4872550964355,18.7510318756104,21.0635681152344,37.4168472290039,33.8276329040527,25.3432941436768,16.8724403381348,20.4278411865234
trunk_R,0,7.97209024429321,6.14012384414673,24.9055404663086,13.420205116272,0.407757133245468,0,0,34.9532661437988,51.3907470703125,44.6206855773926,41.1659965515137,69.1800918579102,56.8145027160645,51.1160278320312,52.9199676513672,0,11.4464197158813,12.5863037109375,34.2478561401367,25.7117366790771,12.0006065368652,7.44908905029297,4.60810661315918,2.42152428627014,27.2536792755127,28.592155456543,48.0424308776855,30.9157428741455,17.396146774292,12.6592788696289,7.1581015586853,8.56876087188721,13.8994331359863,21.7344379425049,58.348087310791,24.4044895172119,16.9232807159424,14.5710554122925,8.88223171234131,0.00684750592336059,18.2571182250977,21.2498836517334,30.3897533416748,34.0912590026855,17.522611618042,15.5848016738892,12.8961639404297,4.02951288223267,20.0986843109131,23.1457691192627,53.3493347167969,34.3870658874512,13.4560127258301,6.70186424255371,3.44641375541687,19.1266326904297,25.8601360321045,23.6525363922119,37.9944496154785,27.3763637542725,22.4749927520752,15.2654676437378,18.8934307098389
fetus_L,0,17.4786643981934,13.9613409042358,26.4806346893311,18.7488307952881,8.2378511428833,0,1.02540910243988,31.8340148925781,55.6634635925293,40.1012687683105,36.6573677062988,62.6356964111328,49.5722503662109,43.7794647216797,43.0423164367676,0,19.3261280059814,11.852255821228,32.5558090209961,25.6621723175049,12.1668653488159,6.59496259689331,4.13181924819946,4.80769872665405,39.4961051940918,31.8313961029053,47.9910163879395,34.6376609802246,23.5462131500244,17.1164608001709,9.14497089385986,13.6704263687134,27.0176391601562,27.9171657562256,59.5264129638672,35.1146812438965,21.913553237915,18.9766178131104,12.0201940536499,0.534761965274811,23.6058521270752,18.9662380218506,27.0083465576172,32.7477874755859,15.971791267395,13.6100492477417,10.8951005935669,2.27060604095459,21.6468200683594,17.6654109954834,44.1522216796875,28.4173278808594,8.80314636230469,0.367597132921219,0,16.8125286102295,27.0880279541016,17.8120632171631,29.5655193328857,18.2170524597168,20.2710933685303,12.3679075241089,14.3715047836304
fetus_R,0,23.3319530487061,25.0037231445312,30.6387271881104,27.4538497924805,23.1292972564697,12.1518774032593,15.0869407653809,30.4296245574951,58.5841674804688,41.3392333984375,37.7947883605957,64.9863967895508,54.3800506591797,46.039134979248,46.5703010559082,0,24.0679225921631,20.1232967376709,36.1630249023438,30.1689586639404,22.0474720001221,13.1241388320923,9.62500095367432,2.92449283599854,40.2299995422363,31.2950839996338,48.2212982177734,33.1671943664551,27.8485412597656,15.7398643493652,10.577691078186,12.4523773193359,28.8749694824219,29.5359344482422,60.5282592773438,34.1507453918457,25.2622222900391,19.8259258270264,13.1034164428711,0.274962931871414,25.4060802459717,20.8776893615723,28.0999698638916,33.5755348205566,21.3961029052734,15.1019897460938,12.5756711959839,0.951828002929688,22.7863368988037,17.9276790618896,45.1979484558105,27.586389541626,11.6501188278198,0.404236912727356,0,14.5274171829224,27.6178226470947,18.4848766326904,29.564302444458,14.8600273132324,21.2989444732666,12.3111953735352,14.4254674911499
supine,0,17.6922245025635,19.8250732421875,28.2376651763916,25.6096363067627,17.2388019561768,12.7119522094727,0,33.9353981018066,55.1321601867676,42.4504127502441,38.7779731750488,66.422119140625,55.8190040588379,51.5925788879395,29.5757350921631,1.89287889003754,23.2823276519775,25.2705841064453,38.6449165344238,36.3052253723145,27.4772891998291,23.6326084136963,2.45297074317932,3.18995404243469,33.9240760803223,29.9679050445557,46.6000099182129,34.1531105041504,27.8349151611328,19.9394760131836,0,10.4402704238892,18.9616527557373,21.7495861053467,56.3667793273926,29.452169418335,21.7549571990967,18.6369895935059,0.0861737132072449,1.58004283905029,23.16748046875,22.3730239868164,29.0691833496094,39.4979591369629,23.986291885376,20.4862194061279,5.40653467178345,6.46054458618164,24.6231784820557,24.3704509735107,51.0170288085938,38.0351982116699,19.459005355835,12.6753416061401,0,20.2487525939941,27.1154727935791,22.2328414916992,32.2518196105957,30.7195949554443,25.491081237793,18.1182308197021,9.97511577606201
prone,0,12.8344926834106,25.7117786407471,31.3316802978516,29.5624370574951,24.0551357269287,20.2329502105713,16.6929225921631,36.2793617248535,48.4750862121582,45.4029083251953,41.286693572998,70.0023040771484,59.791431427002,54.7793426513672,55.5946464538574,0,11.2188329696655,16.6745777130127,37.0046348571777,30.6275272369385,19.2502937316895,16.1093215942383,9.20502758026123,0,20.6218700408936,25.7747135162354,46.8627128601074,31.0636749267578,20.1920776367188,16.2901744842529,7.70303344726562,7.97974443435669,10.5042333602905,23.8406600952148,60.0118522644043,32.1928825378418,21.8375949859619,19.936185836792,11.2387723922729,0,12.0318632125854,17.20383644104,27.6392574310303,32.4293632507324,16.7870635986328,14.9724683761597,10.1493034362793,1.74626207351685,15.7657136917114,20.9850063323975,51.1712341308594,35.5100364685059,14.9230308532715,8.605393409729,2.21874904632568,14.3370771408081,21.3107070922852,21.0461292266846,36.0352745056152,29.3485927581787,23.6466979980469,16.8732738494873,18.1175136566162
trunk_L,0,13.5610284805298,9.63233661651611,24.0254383087158,17.7578868865967,7.05339288711548,0,5.23122644424438,38.9446678161621,55.0163230895996,41.9362831115723,36.7927093505859,64.8463516235352,54.1104583740234,45.2013359069824,52.723072052002,0,19.8127384185791,16.83203125,32.9345359802246,31.7973728179932,19.291540145874,10.4309415817261,11.4298934936523,1.75877320766449,30.3178329467773,23.6927814483643,41.0369911193848,30.0582408905029,17.4468669891357,7.44026947021484,8.9721040725708,4.67596673965454,12.2010831832886,8.04457759857178,46.5710945129395,14.6910924911499,12.3516244888306,7.18235349655151,4.98397302627563,0,20.5045146942139,18.0932312011719,24.8751468658447,35.2355308532715,17.8366527557373,12.6291933059692,13.3881559371948,4.90078735351562,23.5856990814209,21.3043346405029,46.0740547180176,37.0742378234863,15.2152070999146,5.65221071243286,5.67506170272827,17.2226276397705,27.0203609466553,19.0885009765625,29.4210433959961,27.9338130950928,22.0918598175049,13.760479927063,18.5965747833252
trunk_R,0,0.166878208518028,0,24.7031955718994,15.0899276733398,4.23063707351685,0,0.169324696063995,3.56242942810059,11.0889825820923,9.96494579315186,20.9859447479248,32.9660835266113,22.1036472320557,16.7852020263672,10.3620481491089,0,4.08850717544556,0,34.3962287902832,27.2738494873047,15.782769203186,10.3327512741089,6.85243463516235,2.17883515357971,13.3377599716187,7.30944585800171,46.0673217773438,30.2692031860352,19.2596454620361,12.7135162353516,7.90033292770386,6.08039331436157,0,0,53.0159111022949,17.4563827514648,14.8539190292358,11.6084623336792,6.19139051437378,0.490011096000671,9.55285930633545,8.6814079284668,30.2656574249268,36.5286674499512,20.4423351287842,17.5071926116943,14.2184495925903,6.0849609375,12.1624784469604,9.44846248626709,51.0653190612793,35.7214546203613,15.2045431137085,7.99610185623169,3.69913291931152,13.7902069091797,12.5652847290039,5.80109262466431,30.8895645141602,16.6956329345703,20.5872421264648,13.1102495193481,15.4303426742554
fetus_L,4.63696718215942,10.8213272094727,19.4955749511719,28.6395263671875,22.3951244354248,16.7555599212646,0,0,48.3137016296387,46.0205726623535,42.5065116882324,38.0855865478516,63.8224792480469,54.0824584960938,39.501636505127,35.8973197937012,7.00798225402832,14.193678855896,20.4721088409424,36.6238670349121,30.8010864257812,22.4393405914307,4.972571849823,3.83656144142151,10.6144495010376,27.1577587127686,31.1400127410889,48.1771354675293,32.2854804992676,28.9392776489258,7.98324728012085,3.33894157409668,20.386869430542,16.6948566436768,29.2939395904541,60.0365180969238,31.7584171295166,24.2661228179932,13.5540952682495,6.88797235488892,7.89157485961914,15.741810798645,20.3854351043701,27.9614944458008,32.2285346984863,20.4344577789307,9.57014751434326,7.84898710250854,8.49855709075928,15.10267162323,18.5254459381104,45.4665336608887,27.19846534729,12.119309425354,0,0,26.3660049438477,19.5581378936768,18.050666809082,29.5666332244873,11.354606628418,20.8402996063232,7.46730470657349,9.85993194580078
fetus_R,0.744749844074249,4.82019472122192,24.0553722381592,30.2393112182617,25.6769485473633,22.79172706604,19.964714050293,27.485631942749,6.01269006729126,10.7434587478638,19.9874286651611,20.9787921905518,34.5374870300293,22.3929443359375,18.6831226348877,18.9582290649414,0.176604986190796,5.76866149902344,19.9869709014893,36.4470024108887,28.8297214508057,21.7047805786133,18.1014614105225,17.4068737030029,3.7554407119751,13.4463109970093,29.5434188842773,46.8310356140137,30.0198612213135,23.8859176635742,19.9189987182617,16.65061378479,12.777458190918,7.46912384033203,32.2541389465332,62.1121673583984,33.7554664611816,26.0785045623779,24.5138263702393,21.220703125,0,4.25272512435913,16.5572776794434,25.6364593505859,26.0442638397217,15.4199523925781,14.3361654281616,14.6517877578735,6.45767545700073,11.9103097915649,24.2890682220459,51.0698356628418,33.3581771850586,16.8430194854736,12.6243629455566,11.9714708328247,14.1011629104614,11.9570045471191,18.1019458770752,29.678731918335,9.628586769104,20.7158756256104,14.1524276733398,20.3212375640869
supine,0,20.8348789215088,21.5252380371094,29.9178142547607,26.7401294708252,16.378812789917,13.7872285842896,8.09231662750244,0.45659613609314,27.3068332672119,18.2954082489014,18.8240222930908,30.0887966156006,18.3698787689209,15.7721862792969,3.13548541069031,0,24.8364810943604,23.1199188232422,39.8874855041504,35.1014137268066,21.9245128631592,20.1135177612305,9.70713329315186,3.9256420135498,40.0718536376953,32.2677726745605,50.6328887939453,36.8204154968262,25.570463180542,22.491720199585,10.4339208602905,10.0790615081787,26.4624691009521,27.8376312255859,61.9061164855957,37.5329322814941,22.1398258209229,21.6187496185303,11.1640281677246,0.0980591773986816,25.1225891113281,21.1971378326416,30.8222179412842,38.7549324035645,19.4852275848389,18.5094242095947,12.0191087722778,5.34705495834351,28.4213237762451,25.5704345703125,55.0710906982422,40.3859596252441,16.7258968353271,13.1208562850952,5.01598978042603,12.412220954895,27.1589794158936,19.7759761810303,34.0663108825684,27.087287902832,20.5879955291748,14.1659822463989,14.6815061569214
prone,3.54511857032776,16.1306076049805,16.5220184326172,28.4123458862305,22.0164184570312,14.5868787765503,9.55100345611572,4.22678899765015,11.5293226242065,23.8993911743164,17.5919170379639,19.4078235626221,30.4733734130859,19.2014484405518,15.2892866134644,2.78797554969788,5.62416696548462,20.1624889373779,20.4579315185547,38.1952362060547,31.8760604858398,22.7311477661133,18.706579208374,7.74886274337769,9.02538776397705,32.7103996276855,29.2266635894775,48.4261169433594,32.3773574829102,25.2365322113037,19.0096683502197,6.62920951843262,13.7196245193481,15.0008630752563,15.8239259719849,54.6499786376953,19.0412998199463,17.1325759887695,14.3718566894531,4.61461687088013,9.76830005645752,26.1024475097656,26.0987796783447,34.102222442627,41.5513763427734,27.9597625732422,24.0746974945068,15.2761497497559,13.2649574279785,25.9055328369141,25.5694332122803,55.062744140625,37.7914237976074,19.2963123321533,14.6050338745117,4.42024993896484,29.4160060882568,27.0839920043945,22.2081604003906,36.4941749572754,26.1264743804932,24.4683609008789,17.8980293273926,16.4642353057861
trunk_L,2.86840343475342,25.4184856414795,34.9501800537109,34.3272094726562,33.7667961120605,31.5962390899658,21.8844890594482,24.729585647583,8.80097961425781,30.0399112701416,21.4639949798584,21.4193820953369,35.1474647521973,23.4200649261475,15.6459798812866,12.7185964584351,0.0255379062145948,21.3975696563721,17.5022640228271,38.1870002746582,29.8644237518311,20.3960838317871,11.2447557449341,10.7797269821167,2.85568118095398,34.2542839050293,26.8912830352783,48.0074424743652,30.3524951934814,21.0769481658936,10.6639833450317,8.87399482727051,7.79323387145996,16.3997097015381,12.4976081848145,54.2496223449707,17.2842044830322,15.0798120498657,9.37417125701904,6.8093318939209,0.686113059520721,22.9192657470703,19.2645797729492,30.2703094482422,33.3936500549316,19.7796230316162,13.9701147079468,13.254506111145,5.91494607925415,24.9768466949463,21.970573425293,53.2857360839844,34.4163551330566,15.4407949447632,5.31367826461792,4.1059889793396,20.1108322143555,27.3291091918945,19.3577346801758,36.1317329406738,22.2052841186523,22.4807739257812,13.6930131912231,18.0852966308594
trunk_R,3.37574219703674,12.154444694519,10.4350776672363,31.7475643157959,29.8130664825439,25.2937164306641,22.5301914215088,20.9621295928955,14.5552110671997,17.4302806854248,16.0423908233643,22.1840381622314,35.4910087585449,24.2594909667969,20.9170475006104,15.6882543563843,0.806363880634308,9.229323387146,0.860691130161285,36.639102935791,29.5289459228516,18.8308944702148,15.7653188705444,10.29358959198,4.67301988601685,16.1918182373047,12.720118522644,45.3022117614746,28.1190013885498,17.0724048614502,12.7028913497925,7.44392204284668,11.0788106918335,4.06460285186768,0.443890243768692,55.0524940490723,21.333854675293,16.5852336883545,15.1956100463867,9.12248516082764,1.45617020130157,11.5780153274536,10.3586053848267,28.4492931365967,32.6555137634277,17.7066383361816,16.2306671142578,12.6715774536133,8.72364139556885,15.012035369873,14.1688537597656,53.0466499328613,35.5738182067871,16.2799339294434,10.6188631057739,5.58267784118652,19.5978260040283,15.7620162963867,10.3750610351562,32.223388671875,17.3717403411865,20.5861530303955,14.1541175842285,16.5314121246338
fetus_L,0,15.1900815963745,6.73678970336914,24.8069381713867,13.7642869949341,4.01677370071411,0,0,9.27538394927979,35.327995300293,24.6244029998779,24.6761169433594,39.1212425231934,27.3957004547119,13.9560775756836,8.70492649078369,0,21.5826721191406,14.8842725753784,34.2770042419434,27.8044300079346,17.9757823944092,0,2.96397137641907,2.8257520198822,41.2500114440918,31.9387645721436,49.4750366210938,34.4103393554688,30.6021785736084,6.75383615493774,7.24977874755859,6.6317024230957,22.0971393585205,19.5905838012695,55.4315147399902,24.5635395050049,19.6550807952881,7.39880418777466,4.62002611160278,1.73261892795563,29.3801136016846,24.2885799407959,31.6194667816162,39.8162498474121,26.2590961456299,12.164834022522,13.3953580856323,4.6419153213501,29.0781879425049,25.2490997314453,52.6920585632324,37.2255172729492,19.4776973724365,1.94087517261505,1.86126136779785,11.8230714797974,27.0881290435791,17.3632678985596,29.5639972686768,14.6534156799316,20.8004722595215,5.63756036758423,11.9377059936523
fetus_R,0,6.10369110107422,5.89149856567383,24.2493667602539,12.4590196609497,3.63595008850098,0,0,11.6154508590698,22.2193927764893,21.2723560333252,22.4461898803711,35.647289276123,22.5284576416016,20.5224761962891,14.1520357131958,0.969481647014618,14.1503858566284,20.257926940918,37.1703987121582,30.5100078582764,24.3788452148438,17.8789081573486,11.2558517456055,4.73897314071655,24.7948150634766,28.5816783905029,46.3879699707031,30.4413757324219,26.5684413909912,17.1846866607666,9.40478229522705,12.0066909790039,12.8977279663086,24.4360408782959,57.7091255187988,26.8079929351807,23.4407348632812,18.7878131866455,11.3282785415649,5.99311304092407,21.5091018676758,27.1488208770752,33.1760025024414,40.8975868225098,32.0708351135254,24.1859149932861,18.6680927276611,4.67623901367188,16.7049198150635,20.9737033843994,48.1856384277344,29.9451656341553,16.5146083831787,7.07961511611938,2.2431857585907,18.9267864227295,22.2560787200928,20.95290184021,32.842227935791,18.587869644165,25.9559841156006,15.6157884597778,18.1678695678711
supine,0,22.2607345581055,26.8941593170166,30.9982433319092,25.4372119903564,20.4053802490234,15.5608282089233,15.1742935180664,1.1683247089386,31.1287536621094,20.2233047485352,21.5903148651123,34.4785423278809,22.2567462921143,19.2052021026611,13.4289293289185,0,25.1784515380859,24.225492477417,40.2545776367188,31.3799133300781,23.3941135406494,19.0968055725098,12.6879777908325,0,41.2924613952637,34.7902221679688,51.8267974853516,34.054615020752,28.8437347412109,22.8422946929932,13.1790657043457,3.77012467384338,24.6464748382568,25.4451446533203,60.1490821838379,25.7973651885986,20.5161151885986,18.3563232421875,11.4766550064087,0,26.7332515716553,24.3606929779053,32.4444274902344,34.9308166503906,22.4540309906006,19.2454776763916,14.8574495315552,0.527862846851349,28.6499843597412,27.2584972381592,55.0710144042969,35.328857421875,17.457239151001,12.1547899246216,6.25932693481445,10.3453779220581,31.942045211792,25.7944049835205,38.9018402099609,23.6894683837891,24.4819240570068,17.7748966217041,19.5546932220459
prone,0.684186220169067,24.9292011260986,34.6011161804199,33.8516120910645,33.1080322265625,31.2817897796631,29.9940929412842,36.7174110412598,22.2827453613281,45.065746307373,33.0638694763184,30.9120330810547,52.1838493347168,40.6954154968262,37.1278343200684,43.6639556884766,0,21.7752208709717,20.5497512817383,37.5614356994629,30.7987461090088,21.1956081390381,18.3504619598389,17.4689884185791,0,32.8063545227051,26.9366512298584,46.0411071777344,29.1377620697021,19.6654224395752,15.7676162719727,14.594822883606,5.5162615776062,17.7867298126221,17.3389167785645,54.994312286377,19.8994293212891,17.2575054168701,15.3410139083862,13.6094131469727,0.757892787456512,24.5679016113281,22.8329410552979,31.1095123291016,36.1889457702637,22.8860321044922,20.2085208892822,20.5228633880615,5.14781045913696,26.1105403900146,25.0577983856201,54.1330070495605,35.6557540893555,17.996410369873,12.5082244873047,13.1270141601562,19.4428234100342,29.4592189788818,24.419548034668,37.3053436279297,27.4451084136963,25.2583026885986,19.1924362182617,23.9618835449219
trunk_L,0,10.1075429916382,25.0938720703125,30.2144165039062,25.094367980957,0,0,0,51.2866554260254,48.833423614502,47.7786712646484,43.5678520202637,72.8026962280273,42.843017578125,40.0291748046875,49.54052734375,0,11.0126419067383,20.5736541748047,37.9991760253906,29.4047870635986,0.28463539481163,0,3.26359057426453,1.22740197181702,21.7246856689453,30.4751071929932,48.6212196350098,30.3196773529053,0,0,1.74868166446686,7.87300634384155,8.09976577758789,22.3353176116943,57.572925567627,24.0018405914307,5.03345537185669,3.29256153106689,3.82824635505676,0,13.9426565170288,21.5452976226807,30.2084789276123,32.3909721374512,4.49714136123657,6.0745062828064,8.75429439544678,6.98370170593262,20.3042659759521,27.4505252838135,55.9576683044434,37.7186851501465,7.09536790847778,1.11678230762482,1.93818390369415,20.2259578704834,21.9918956756592,25.0477161407471,37.3943519592285,23.5302639007568,16.0349712371826,8.0337438583374,15.1383275985718
trunk_R,0.877653062343597,2.61566567420959,0,32.3984260559082,31.3156356811523,26.6124420166016,17.2757625579834,6.6794753074646,48.7551536560059,32.785472869873,32.1332473754883,40.121940612793,69.0033645629883,57.7756958007812,51.0868835449219,42.1781463623047,0,2.25157904624939,0,38.7616577148438,31.7551116943359,22.2946720123291,14.9305830001831,3.43308258056641,2.71953272819519,8.78431606292725,10.5642433166504,50.2131080627441,34.5041160583496,28.2764835357666,17.545316696167,3.96779918670654,8.32412624359131,0,0,59.6828346252441,28.5331420898438,21.3834400177002,16.347635269165,3.9062168598175,1.73869943618774,5.81857061386108,9.74549770355225,33.1049957275391,40.6542816162109,25.4827709197998,19.4076099395752,11.1013412475586,3.20741248130798,6.84380149841309,9.19808292388916,53.9257202148438,35.8719749450684,16.496862411499,7.47323226928711,0,17.9723510742188,11.2157945632935,9.16339778900146,37.3155212402344,28.8593502044678,25.4526462554932,15.7635688781738,14.195574760437
fetus_L,0,11.6554327011108,25.5381679534912,30.6549301147461,25.7335453033447,23.2188396453857,0,0,28.3318767547607,31.4578151702881,31.3189907073975,30.2753448486328,50.0259208679199,39.2506141662598,23.1989307403564,17.8516731262207,0,14.8736906051636,25.9100036621094,39.4264373779297,32.8558464050293,26.7795639038086,4.36345624923706,3.91514706611633,0.983415305614471,21.7279968261719,30.2768478393555,47.0954933166504,31.1665744781494,27.1824951171875,0.851502418518066,0,9.84086990356445,14.6904754638672,32.3725242614746,61.5470695495605,33.0825462341309,27.0502071380615,11.4531784057617,6.36669731140137,0,13.1001863479614,20.4256916046143,27.9801540374756,31.2714214324951,20.540168762207,6.3581395149231,4.64631652832031,3.02107357978821,16.5119724273682,25.4191455841064,51.1585998535156,34.1819610595703,18.6665859222412,0,0,11.6151304244995,19.8782024383545,22.6435260772705,32.7036933898926,18.3792495727539,24.4009571075439,7.18095064163208,10.9400663375854
fetus_R,0,11.2853240966797,7.07049036026001,30.6785449981689,26.9740467071533,24.5215225219727,18.7448024749756,0,32.7376823425293,32.4486427307129,25.8732681274414,30.83469581604,51.6635932922363,40.1192283630371,36.8027534484863,19.6089534759521,2.02346634864807,16.432638168335,9.47564792633057,41.6932106018066,36.666576385498,32.0518760681152,25.54079246521,6.14186716079712,3.32242584228516,24.6850528717041,17.6724300384521,49.6087532043457,33.7963600158691,32.3136749267578,22.2216949462891,2.0665385723114,10.934365272522,11.6747922897339,9.11470317840576,60.8264617919922,32.4901390075684,26.0224685668945,21.7923278808594,4.5599627494812,0.00715820118784904,13.5890235900879,10.9283895492554,29.1840267181396,34.726734161377,24.6984577178955,18.4647579193115,5.84309768676758,5.77776861190796,18.2374095916748,14.3794622421265,53.7041320800781,37.1907157897949,21.526611328125,13.3896703720093,0,18.3279209136963,21.3878326416016,14.1286401748657,35.7873687744141,27.9000988006592,27.9453735351562,18.6032657623291,12.5433206558228
supine,49.5878562927246,27.3294048309326,31.963020324707,33.3501091003418,32.4212379455566,28.2143859863281,29.1756057739258,21.1467971801758,92.9951400756836,33.646671295166,21.4747009277344,21.8300838470459,36.5344848632812,25.6190185546875,21.7211856842041,15.6195783615112,53.3756408691406,32.1917152404785,33.9844055175781,44.954662322998,40.0493545532227,30.486307144165,32.1228446960449,17.9700222015381,59.2626800537109,48.1362190246582,39.7085456848145,55.6214866638184,39.8265075683594,35.736141204834,32.9189109802246,16.4268169403076,65.7023849487305,26.9359493255615,26.663064956665,60.3703765869141,29.8731822967529,21.1334896087646,21.51491355896,10.9462699890137,50.3657531738281,30.6218318939209,25.9362812042236,33.909366607666,39.4185028076172,23.71142578125,24.0939884185791,15.9994230270386,53.7384986877441,30.5664348602295,27.0498371124268,55.0719337463379,37.5932579040527,17.395486831665,15.0900650024414,5.26099824905396,113.87670135498,37.9463958740234,29.9714031219482,42.0938682556152,39.0685997009277,27.68869972229,25.5412216186523,22.0427188873291
prone,0.250290751457214,23.2817840576172,29.2123584747314,31.2901210784912,29.8462982177734,26.7177200317383,0.995040893554688,20.8705310821533,53.8935241699219,63.8647575378418,47.157657623291,41.9981575012207,71.8763961791992,61.6300354003906,47.0102729797363,62.7852783203125,0.842659711837769,25.2712650299072,26.0657558441162,39.0002822875977,36.1406745910645,28.0964756011963,10.2046356201172,15.4602632522583,4.20919847488403,39.0541954040527,33.0758628845215,48.5973815917969,35.8612785339355,31.9812030792236,9.19164085388184,13.8200540542603,6.71862268447876,18.2530498504639,17.2210998535156,52.9266967773438,21.4394016265869,17.9580173492432,6.76660537719727,7.95712280273438,2.92652320861816,28.7775135040283,27.1946563720703,32.1249160766602,43.9717140197754,30.3093509674072,15.9910545349121,18.5910491943359,3.59189772605896,24.7868041992188,23.3649597167969,49.1589469909668,34.7975959777832,17.9311428070068,0.250166207551956,4.9013991355896,16.3109378814697,30.0405941009521,24.15256690979,34.2386474609375,30.2644748687744,27.1217403411865,11.8761930465698,20.0439300537109
trunk_L,0,10.9328575134277,14.578932762146,27.3028888702393,26.0084075927734,2.82988667488098,0,10.6879358291626,32.4594535827637,35.2828712463379,32.0037803649902,30.6299648284912,53.269832611084,34.3499641418457,19.1231994628906,35.5542411804199,0,13.0673112869263,14.7099342346191,34.2192916870117,33.7003173828125,12.030517578125,0,10.9909677505493,3.54760932922363,23.9722537994385,25.8796768188477,44.7389869689941,35.9465751647949,12.6355209350586,0,10.8147020339966,10.0312595367432,9.8140172958374,16.4580154418945,53.9354438781738,32.2722549438477,13.5237302780151,3.02121996879578,10.6018714904785,1.10950410366058,15.3042144775391,17.7204113006592,26.5402069091797,40.0044898986816,12.99280834198,5.45404815673828,13.3126945495605,6.11097478866577,18.0864849090576,19.6559162139893,47.2306632995605,42.3767051696777,9.69879913330078,0,4.48164033889771,16.4147548675537,20.2444477081299,17.2644481658936,29.2632503509521,27.7268886566162,17.8000926971436,4.31426429748535,17.0492839813232
trunk_R,2.9493248462677,11.210072517395,34.4525489807129,34.2485275268555,32.314266204834,31.4580688476562,11.7646560668945,18.8946056365967,35.0033760070801,29.7058029174805,33.5208168029785,31.6435718536377,53.1440544128418,41.6165504455566,30.6924819946289,32.3768310546875,0.00167128455359489,7.00296211242676,18.0635509490967,36.7701568603516,28.7277774810791,19.4139595031738,7.43853759765625,6.50025415420532,4.83658123016357,18.6473236083984,30.3121852874756,49.2641448974609,32.2466278076172,24.8222579956055,9.96743202209473,7.55396127700806,10.4265041351318,4.86594915390015,20.5437259674072,57.2642707824707,22.8644199371338,19.1303787231445,11.2598114013672,7.67046785354614,3.54628443717957,14.5286684036255,23.9117565155029,32.8766670227051,37.299015045166,24.6524257659912,16.3247146606445,15.1289281845093,7.95418500900269,16.7759876251221,26.1884746551514,55.594409942627,37.2108497619629,19.0223484039307,7.59620046615601,6.56228303909302,19.7585906982422,17.8571834564209,21.4269046783447,36.052906036377,21.4633274078369,23.6406269073486,12.753851890564,16.953634262085
fetus_L,0,29.9575862884521,35.7233085632324,34.7731742858887,35.4132881164551,2.07120513916016,4.62061166763306,12.600546836853,24.2480545043945,38.9419593811035,25.8128128051758,25.7960910797119,42.0754089355469,16.8066501617432,16.6408767700195,15.0356512069702,0,26.0744171142578,22.0708026885986,38.3259887695312,33.1835479736328,1.3685188293457,3.40426921844482,4.35834074020386,0.0582562945783138,41.4402847290039,30.2984867095947,49.2035255432129,33.7016296386719,0,1.77792179584503,3.1934654712677,7.2669472694397,29.7709674835205,29.686990737915,61.4932594299316,36.0006561279297,8.39745235443115,9.74514102935791,7.86844253540039,0,27.1638431549072,20.8700084686279,29.3481845855713,34.7412147521973,3.14910888671875,7.83522844314575,7.13749694824219,2.09306979179382,30.8454666137695,26.0662612915039,54.333797454834,38.0215797424316,4.39886999130249,0.165864318609238,0.461065530776978,10.2869033813477,33.2755393981934,23.3640232086182,35.9842643737793,28.8116683959961,14.5413446426392,9.18244647979736,13.765362739563
fetus_R,2.67526125907898,11.7086935043335,35.6833457946777,34.5391578674316,34.3657760620117,33.9948387145996,0.283088326454163,12.0555839538574,17.9400768280029,13.2225179672241,17.1195068359375,18.1833095550537,28.8198928833008,15.604718208313,2.82135891914368,1.169793009758,2.49202847480774,13.654107093811,31.5744380950928,44.0994720458984,38.6982307434082,32.1577491760254,8.2860746383667,10.6952867507935,4.72574615478516,18.9918804168701,31.7314167022705,50.847412109375,33.7421112060547,30.5982761383057,1.45939409732819,5.17290639877319,14.0456085205078,11.493049621582,33.7297248840332,65.4241943359375,39.3098640441895,28.5712280273438,11.584415435791,11.520866394043,0,9.20195293426514,18.9244709014893,28.5611724853516,31.5058193206787,19.4426288604736,4.67296075820923,6.75945711135864,7.15010786056519,15.5395345687866,26.6037502288818,55.9138031005859,38.0822601318359,21.3700180053711,0.830657184123993,2.047611951828,16.0532398223877,15.860652923584,20.987283706665,35.034912109375,21.3482189178467,24.6843929290771,5.79078817367554,13.1299524307251
supine,0,21.4855422973633,26.7514953613281,31.7940998077393,27.4078121185303,16.1063404083252,0,0,0.512496888637543,20.7597026824951,13.6784715652466,15.4855346679688,23.5498752593994,10.3195352554321,0,0,0,26.9326953887939,31.39133644104,43.9979248046875,39.2067832946777,24.8424892425537,3.58948636054993,3.70206046104431,0,38.1279373168945,33.9581718444824,51.6004600524902,35.3425750732422,21.3400783538818,0,0,5.4023323059082,24.6896820068359,30.12428855896,62.5540313720703,35.1771087646484,20.1468029022217,6.12149572372437,1.89211308956146,0,24.939079284668,23.946798324585,32.4562797546387,38.4105033874512,18.7919063568115,6.49028396606445,5.46761703491211,1.93914175033569,30.3136692047119,29.9992427825928,58.8104858398438,42.7078285217285,18.4808769226074,1.48273098468781,0,8.68083190917969,29.2438430786133,24.1483211517334,37.594181060791,29.4750843048096,22.0113754272461,5.95797777175903,10.3671073913574
prone,2.39770436286926,14.9983320236206,43.5680961608887,36.3112373352051,41.9681510925293,37.2373924255371,25.9048252105713,0,24.9738368988037,25.3790035247803,29.037109375,28.0052337646484,45.8346862792969,35.4354782104492,27.4173641204834,6.88517379760742,0,11.0164594650269,25.5029830932617,40.6270484924316,37.0352516174316,23.947790145874,14.9522476196289,0,0,15.6679611206055,25.8214015960693,45.7186470031738,30.462776184082,16.4207668304443,6.57536554336548,0,9.25159358978271,9.15819644927979,27.5485324859619,61.1389198303223,36.4831657409668,21.8264846801758,16.1853199005127,0,0.808953285217285,14.2465314865112,24.1409473419189,32.0808334350586,42.5256385803223,22.5475540161133,16.5394458770752,2.88310742378235,5.40200662612915,15.9730424880981,26.5710773468018,55.1248664855957,41.7496185302734,17.7529125213623,8.36322402954102,0,17.0199451446533,18.0828475952148,23.4059677124023,36.246021270752,34.0426979064941,23.319465637207,13.9872484207153,7.54184198379517
trunk_L,0,7.30455207824707,21.4051189422607,30.0069065093994,28.4350109100342,16.5794887542725,0,0,19.4991626739502,25.4130840301514,32.011646270752,31.6877136230469,51.8426628112793,38.409595489502,18.0839080810547,15.8354721069336,0,9.25941371917725,17.8579120635986,36.7988090515137,35.2651176452637,19.034460067749,0,1.47486257553101,1.7972092628479,18.1625995635986,27.2833347320557,47.5580749511719,35.8838195800781,20.9940319061279,0,0,6.69367647171021,1.93734359741211,15.4345560073853,54.7882423400879,28.1147308349609,16.1496772766113,1.5080224275589,0.119341500103474,0,11.9403314590454,19.3990612030029,28.818696975708,40.6807060241699,18.6978759765625,6.228271484375,6.16950464248657,4.42364692687988,14.2680597305298,22.138069152832,51.4172973632812,39.773120880127,15.4011240005493,0,0,18.9988555908203,20.1532764434814,22.3694915771484,35.2628479003906,40.8320045471191,24.6295070648193,8.85352039337158,14.1505937576294
trunk_R,0,3.33964562416077,13.9770011901855,27.5071506500244,18.0129489898682,12.7774658203125,0,0,25.9667568206787,30.6073703765869,35.7650451660156,33.9819679260254,56.4907073974609,47.553897857666,30.2588348388672,30.5610885620117,0.408799260854721,9.77787971496582,23.2887668609619,41.1897850036621,32.7660255432129,25.2327270507812,6.71532678604126,7.36018705368042,3.65576934814453,16.985897064209,28.8796482086182,49.3491630554199,31.337121963501,25.4585857391357,3.54482841491699,3.93197321891785,11.1353235244751,5.36168432235718,24.7264003753662,60.9605140686035,28.9138031005859,22.5686092376709,11.1050996780396,6.43884515762329,2.24317765235901,12.6146974563599,23.1018218994141,32.5385551452637,36.7977752685547,24.1181392669678,12.3510284423828,10.309700012207,7.31854486465454,16.060525894165,26.1693267822266,56.2461738586426,37.4637718200684,20.0425319671631,4.29359197616577,2.12142443656921,17.7101192474365,17.5643367767334,21.967321395874,36.7236518859863,22.0911846160889,24.5160064697266,10.7743082046509,14.598575592041
fetus_L,0,18.9159145355225,17.7746162414551,28.1953983306885,21.6910400390625,13.1738481521606,0,0,25.4344425201416,49.7465476989746,35.7554168701172,33.7559394836426,56.7869071960449,44.9556732177734,27.8044528961182,19.8535995483398,0,24.5250415802002,23.3103923797607,38.4478034973145,33.5156059265137,23.3922061920166,5.68418169021606,0.102526567876339,3.05682444572449,38.9752540588379,32.0541114807129,49.4222145080566,34.6400451660156,27.4532642364502,5.51439809799194,0.149360224604607,8.86203098297119,24.4616851806641,26.3640460968018,59.1162567138672,32.7115478515625,22.2190570831299,9.69824886322021,1.79235696792603,0,25.1928024291992,22.3772869110107,29.5387344360352,36.4177055358887,21.0632934570312,10.1206712722778,4.40541458129883,7.21797800064087,30.9080066680908,28.3774108886719,55.8075981140137,41.3611450195312,20.9929580688477,5.5833477973938,0,12.3398962020874,27.7574005126953,20.621072769165,31.9870300292969,22.4007472991943,21.7878494262695,7.30734872817993,8.52841949462891
fetus_R,0,1.06384992599487,13.0922040939331,26.8366928100586,17.9411392211914,12.0342445373535,4.83952951431274,0,28.5100250244141,29.2163696289062,36.3006553649902,33.9822807312012,57.0325813293457,46.1435241699219,43.5493659973145,25.1902256011963,0.329855918884277,8.39355373382568,24.2469177246094,38.5269813537598,31.8874340057373,26.2326202392578,23.4477672576904,3.21956133842468,4.55853652954102,15.6364593505859,30.7357692718506,48.6506538391113,31.6230068206787,30.0637798309326,22.2464199066162,0.522214829921722,13.2296419143677,7.04928970336914,30.8762283325195,62.2753791809082,33.1694297790527,26.621789932251,24.8651256561279,6.70759916305542,0.793769538402557,9.93077564239502,21.9437713623047,29.603401184082,34.287296295166,23.8970890045166,20.9670734405518,6.88166809082031,7.54524850845337,13.6142282485962,25.6560516357422,53.5348014831543,35.5110816955566,20.5488300323486,15.150634765625,0,20.7821063995361,15.7903366088867,23.6096248626709,35.081470489502,22.6368618011475,26.2240600585938,20.4290981292725,12.427173614502
supine,0,12.8608665466309,28.3832855224609,32.3296051025391,31.4925212860107,26.8569183349609,0,0,20.6123600006104,30.4833354949951,31.9022979736328,31.0024509429932,51.6085472106934,40.1628265380859,21.5295715332031,8.32845211029053,0.702512562274933,13.7035360336304,24.9843235015869,39.8705139160156,37.6181182861328,26.4831523895264,6.08193349838257,0,3.38864398002625,23.1734142303467,31.3278884887695,49.0050354003906,36.5776138305664,27.6900539398193,3.1483108997345,0,9.73055934906006,11.0088987350464,25.8168430328369,59.6130981445312,35.0058135986328,22.8901596069336,8.98421001434326,0,0.272444427013397,15.6450662612915,22.92604637146,30.3587017059326,40.5021514892578,23.7233276367188,9.69161319732666,2.72124075889587,2.02543234825134,14.687108039856,21.0743312835693,49.3634757995605,35.4260520935059,14.886589050293,0,0,18.9593505859375,23.2598209381104,25.9156017303467,38.2998085021973,41.4001617431641,27.6688289642334,11.5326204299927,10.2480602264404
prone,0,23.2976093292236,25.2044925689697,30.2149276733398,26.403284072876,22.1527919769287,0,0,25.7033786773682,50.7937202453613,36.0139427185059,32.7143249511719,55.2718658447266,45.2762756347656,24.094352722168,12.4069032669067,1.45579516887665,28.3762874603271,25.8605480194092,40.5344352722168,36.7353553771973,26.366907119751,3.10334968566895,0,5.04783725738525,44.0319938659668,33.8675727844238,50.8708076477051,37.0845069885254,30.6967468261719,2.44513249397278,0,7.14300012588501,21.7092342376709,15.7479372024536,54.2424049377441,21.1532917022705,17.0545597076416,1.30503404140472,0,3.54216074943542,32.4589958190918,26.1506671905518,33.6055946350098,43.7335624694824,27.4878253936768,11.243766784668,7.06982183456421,5.68403673171997,30.0030956268311,24.2591457366943,52.8660545349121,37.6203956604004,17.7666778564453,0,0,20.1024703979492,34.3729553222656,24.2869472503662,36.5243186950684,31.6378726959229,25.8433933258057,8.79335308074951,9.15627670288086
trunk_L,0.0118088647723198,25.8187046051025,31.7196960449219,33.9306640625,35.9101524353027,31.1256656646729,12.7266492843628,2.41781568527222,21.1481761932373,47.8733100891113,34.4326972961426,33.0764770507812,53.9409637451172,44.0701141357422,31.4074726104736,18.970588684082,0,24.5693817138672,21.0521678924561,39.4118309020996,35.5394973754883,24.6648845672607,10.7296104431152,1.47014284133911,1.11564874649048,40.0757789611816,31.4283447265625,50.7211151123047,37.5966491699219,30.6063442230225,12.2027444839478,0.157786846160889,6.39229774475098,23.1777877807617,20.7323093414307,58.5391807556152,31.2741794586182,21.7571468353271,12.3750867843628,0.577305555343628,0,26.6249752044678,22.0019855499268,31.1439723968506,42.6056022644043,24.2685604095459,14.5445585250854,6.11863565444946,3.34394264221191,28.4929904937744,24.3729400634766,54.4102897644043,41.4272575378418,19.2751312255859,6.57472610473633,0,10.8024549484253,27.2517414093018,18.140682220459,32.9868087768555,28.2303314208984,22.5587139129639,10.2816152572632,8.28332233428955
trunk_R,0,14.0947380065918,14.5326385498047,28.4619159698486,24.1623229980469,16.5312480926514,0,6.14961194992065,28.741548538208,41.5068778991699,33.2714881896973,31.8193893432617,54.3132514953613,44.2207489013672,31.7126846313477,34.6922492980957,0,17.8030815124512,15.8820676803589,38.3055305480957,33.0923309326172,23.0393924713135,8.84450244903564,10.1631050109863,2.06808376312256,29.0310878753662,24.6197814941406,48.1609344482422,33.1846160888672,24.5027542114258,6.75244188308716,8.38320827484131,8.80612277984619,16.1035175323486,18.0896091461182,59.6464538574219,30.679801940918,21.4826717376709,11.7306184768677,10.2656660079956,1.27647864818573,19.7853984832764,19.3177108764648,31.3489532470703,39.6527214050293,22.6526393890381,12.7229995727539,13.7628793716431,7.58475732803345,22.9548168182373,23.1177349090576,55.0719909667969,41.1180648803711,19.5843410491943,6.3687915802002,6.3313422203064,22.0727767944336,26.5934619903564,21.0385990142822,38.1765518188477,38.0714874267578,25.978967666626,14.1663703918457,19.3717670440674
fetus_L,0,22.3828144073486,26.1515445709229,29.6761627197266,25.0482482910156,21.0861968994141,0,0,20.9438095092773,46.7336235046387,32.6635398864746,31.0526790618896,50.8744468688965,41.4498443603516,22.6615810394287,9.97305679321289,0,25.1672878265381,24.3053531646729,37.7481498718262,31.540319442749,23.7653350830078,1.21403920650482,0,0.581117212772369,40.535816192627,33.358039855957,48.992603302002,33.4521980285645,28.7715911865234,0.706640005111694,0,9.63936710357666,30.662317276001,35.6002311706543,63.3872871398926,37.4120445251465,27.1542205810547,11.2384901046753,2.86341166496277,0,25.1329650878906,21.7678165435791,28.2699279785156,33.0320739746094,20.2995014190674,5.85716199874878,1.53506326675415,3.25666427612305,28.8379230499268,27.0601272583008,52.0423469543457,36.4568824768066,18.2913875579834,0,0,11.3782768249512,29.1414031982422,23.1760311126709,31.6608505249023,19.445686340332,22.9564113616943,6.3996787071228,5.78154039382935
fetus_R,2.22583866119385,9.94749546051025,32.0652770996094,32.3899421691895,31.0609531402588,30.5259780883789,25.6844940185547,18.7057590484619,25.8884258270264,27.8497543334961,33.2419967651367,31.6603984832764,52.8237609863281,41.2902374267578,37.9097480773926,33.5582160949707,1.42927014827728,9.96122646331787,25.6517925262451,39.5829811096191,33.8125419616699,27.0760478973389,21.7644882202148,12.7759313583374,5.08516693115234,21.4261169433594,34.2934417724609,51.3707847595215,35.3092155456543,33.2232971191406,24.8346767425537,12.7971143722534,13.5467329025269,6.74811220169067,30.738151550293,62.2110748291016,35.6699638366699,26.6834945678711,23.0751190185547,13.4729108810425,0.442931026220322,10.3868179321289,20.6650657653809,28.8465270996094,32.8952445983887,21.9230270385742,17.44455909729,12.4097394943237,5.09738206863403,12.288613319397,22.8530731201172,50.7723693847656,33.7211952209473,17.2520217895508,9.69637107849121,2.16528677940369,18.0119380950928,15.9847421646118,21.1383514404297,33.0465431213379,18.1688899993896,24.3530521392822,15.0263681411743,16.3850250244141
supine,21.6686191558838,20.66872215271,27.9546298980713,32.5895843505859,31.9812927246094,28.3869457244873,1.16742372512817,32.5316276550293,61.8103179931641,42.4669570922852,33.1394920349121,30.8937282562256,51.9266166687012,41.0490455627441,27.476900100708,45.4932403564453,24.3617305755615,24.7896671295166,28.709192276001,44.4657936096191,40.6401824951172,33.6396026611328,14.7889289855957,24.8557872772217,27.6289978027344,36.6601219177246,32.7533569335938,52.3038902282715,38.5080947875977,34.3519477844238,9.40369129180908,22.0479202270508,36.2220497131348,22.8913593292236,26.9933185577393,63.1306571960449,38.4899711608887,26.5651550292969,13.9834012985229,20.6833572387695,24.6975860595703,24.4585971832275,23.5068111419678,34.4542541503906,44.6291160583496,28.6398868560791,14.3536577224731,22.9266910552979,28.5828533172607,26.6761074066162,25.4622554779053,56.1904602050781,42.460693359375,21.0789489746094,4.8232946395874,15.8727493286133,55.8782196044922,26.7159214019775,19.4142894744873,36.3697242736816,29.6012802124023,25.912956237793,10.6493043899536,21.7077655792236
prone,0,22.4837818145752,20.7566242218018,29.4238338470459,24.1673145294189,19.1635627746582,0,10.1453924179077,16.8540935516357,47.5242729187012,32.5601959228516,31.2487277984619,51.5303802490234,41.1972198486328,27.2972469329834,32.088737487793,0,30.135232925415,27.8554630279541,42.3408470153809,36.4492225646973,29.5079402923584,13.4202690124512,14.4776773452759,0,39.5965461730957,28.4002532958984,48.759105682373,31.221565246582,24.6524486541748,4.5829758644104,7.69810485839844,1.77627944946289,21.7172317504883,16.3625736236572,55.2511863708496,19.5669326782227,18.0724124908447,7.31338882446289,6.49333047866821,0,29.6726856231689,23.39719581604,32.4515647888184,38.014087677002,24.9994277954102,13.6187200546265,14.2203798294067,0,28.549898147583,23.3500823974609,52.7839851379395,34.078914642334,17.5292110443115,1.25460529327393,2.76818585395813,7.75775337219238,33.8230171203613,22.9151477813721,37.0360946655273,26.0836963653564,25.2636661529541,12.7214326858521,17.4758586883545
trunk_L,0,17.1737537384033,26.1097621917725,29.6115055084229,30.8843784332275,22.3270874023438,0,0,0,8.36172676086426,8.22165393829346,12.284592628479,15.1177854537964,4.10184335708618,0,0,0.0347156263887882,20.17578125,25.9593505859375,38.4504814147949,40.4693489074707,26.5447311401367,5.88115072250366,4.92187643051147,1.65622913837433,29.4874134063721,29.8522129058838,45.9546661376953,37.4093589782715,24.9571895599365,1.08060765266418,0,5.40854978561401,12.1072435379028,15.2624435424805,51.5236473083496,25.1305313110352,16.4178333282471,2.93261075019836,0.107210040092468,0.21709668636322,21.2934799194336,22.7943172454834,28.8892116546631,44.9018707275391,23.5565547943115,10.1219539642334,9.507887840271,4.13557386398315,22.9982833862305,24.4865322113037,50.4438781738281,43.0210762023926,18.0718402862549,0,0,20.2385025024414,27.5165100097656,24.6862030029297,34.5847434997559,46.1931915283203,26.2396564483643,11.70348072052,15.3316831588745
trunk_R,0,8.60055923461914,3.47009468078613,30.4916229248047,26.6798305511475,21.8269882202148,20.9920406341553,24.1558151245117,0,0,0,4.99272012710571,3.6908495426178,0,0,0,0.675948917865753,12.3155088424683,8.46320152282715,42.041332244873,37.4826965332031,28.065559387207,28.6731204986572,20.4455738067627,3.12490391731262,18.9626140594482,16.0965175628662,49.7112579345703,34.5255088806152,27.9449157714844,25.5577411651611,16.6056613922119,8.68679332733154,5.1448016166687,2.92891502380371,58.843017578125,29.4003849029541,21.3628215789795,20.8331317901611,15.0597305297852,2.30743789672852,14.6924295425415,13.650074005127,33.0526733398438,42.3096923828125,26.2045135498047,24.799825668335,20.3120880126953,6.70696115493774,17.2408084869385,15.4319410324097,55.4918403625488,40.5981559753418,20.9670562744141,17.7452812194824,14.0009565353394,18.1678981781006,19.6567993164062,13.8109922409058,37.7523765563965,33.3098945617676,26.5864429473877,22.4813690185547,22.5950088500977
fetus_L,0,25.0070343017578,33.1949501037598,33.035572052002,34.194652557373,31.0733413696289,2.0419921875,9.235032081604,0,25.6509647369385,17.590669631958,18.8563404083252,27.811279296875,17.675271987915,3.362872838974,0,0,23.49045753479,22.8756618499756,38.4248046875,34.0559844970703,25.0493412017822,3.92633318901062,5.73140478134155,0,36.0111618041992,29.3541965484619,48.1840209960938,33.8539390563965,25.7843608856201,0.674176216125488,3.33973503112793,8.58231735229492,28.3534336090088,32.7748146057129,64.2421951293945,42.0471038818359,27.4128360748291,12.9653015136719,10.6755647659302,0,22.2651309967041,19.6506328582764,28.2065200805664,35.043342590332,19.8727111816406,6.65449523925781,7.3007984161377,1.68567526340485,26.1706466674805,24.2589416503906,52.6820793151855,38.0480194091797,18.1717681884766,0.0344676524400711,0,9.86954879760742,27.5304508209229,21.3254318237305,33.5121765136719,29.0233306884766,23.9715442657471,8.42066478729248,12.3308792114258
fetus_R,0,4.59157609939575,25.5989360809326,30.0666103363037,24.7439022064209,22.2298278808594,15.5173845291138,25.7593593597412,0,0,0.051342561841011,7.66382741928101,8.08618450164795,0,0,0,0,8.42988967895508,27.6697025299072,39.0306625366211,32.9334983825684,26.7291812896729,21.6918163299561,20.0712184906006,3.90500736236572,20.8563003540039,40.3598976135254,52.1113395690918,37.5852470397949,38.5393524169922,28.6292572021484,23.6779556274414,8.47292900085449,5.72855949401855,30.8633365631104,59.748851776123,30.3107013702393,24.8505687713623,21.4670391082764,19.5218601226807,0,5.95643615722656,18.2193164825439,24.9797649383545,26.3461532592773,16.7005939483643,12.9991216659546,14.085747718811,0.986865818500519,11.7641592025757,25.2172012329102,49.0854682922363,31.5108795166016,17.260721206665,8.80977725982666,9.47847080230713,11.1880311965942,15.5163116455078,24.4773254394531,32.3108863830566,16.9791717529297,25.0828380584717,15.8958520889282,20.8561706542969
supine,25.589485168457,3.5583803653717,17.3097476959229,27.7785053253174,213.40104675293,1.81591176986694,9.50600719451904,17.8345489501953,40.1725273132324,0,6.62805318832397,8.62307453155518,13.9895172119141,0,0,0,32.1170654296875,13.5508432388306,28.2139682769775,42.0170097351074,96.0719909667969,17.7156581878662,26.4587421417236,19.8977794647217,35.1797218322754,22.1735076904297,32.6305198669434,50.5051383972168,74.2198715209961,13.7923698425293,24.8862133026123,17.7030715942383,45.5765800476074,10.6346731185913,28.7880916595459,62.5177764892578,12.9534044265747,16.8241062164307,23.6232395172119,18.5838260650635,33.5811309814453,16.5703792572021,26.5953845977783,34.8057403564453,36.0585823059082,19.5563201904297,25.762414932251,22.3084621429443,33.0294303894043,13.2387428283691,22.2500686645508,52.0437622070312,13.5795335769653,9.25766277313232,11.3586378097534,7.91576623916626,73.599235534668,18.0214767456055,22.2393436431885,36.155818939209,70.1766586303711,20.0504474639893,19.3052272796631,21.0160999298096
prone,8.69160652160645,16.9998474121094,24.9999713897705,31.0665969848633,27.1580123901367,14.1427736282349,17.323579788208,3.592529296875,40.5380516052246,36.5850410461426,30.8773860931396,28.8277206420898,47.3415260314941,33.417049407959,32.5280570983887,20.2788410186768,11.9825639724731,22.400484085083,27.1032047271729,43.3661003112793,38.2065887451172,23.2533016204834,25.2605381011963,10.0410413742065,13.5915784835815,30.372838973999,29.0231800079346,49.8871040344238,33.5268898010254,18.2070178985596,19.3305644989014,4.22180032730103,23.9890289306641,18.1306743621826,25.2855682373047,61.8948364257812,33.5797920227051,19.231782913208,20.8745594024658,7.10639619827271,11.6278305053711,19.390022277832,20.3621807098389,30.6202602386475,36.9759063720703,16.798978805542,18.4604663848877,8.4818868637085,17.3556118011475,23.2017650604248,24.3843841552734,55.0694007873535,38.0801696777344,14.7483177185059,12.9443588256836,0.449575573205948,37.6519889831543,25.6511688232422,20.4425449371338,36.3478813171387,26.3580265045166,20.6476020812988,16.4327907562256,13.3951263427734
trunk_L,0,23.4570922851562,35.6270179748535,33.3116188049316,36.2361030578613,31.5493564605713,11.3695955276489,0,6.7406268119812,34.7174186706543,27.6434783935547,26.4338836669922,42.1986083984375,31.0606689453125,18.8983097076416,0,0,21.7772006988525,23.4318332672119,37.8630218505859,35.2551574707031,24.433198928833,10.3031415939331,0,0,31.8480129241943,28.8876476287842,45.9873504638672,33.5353736877441,22.8767070770264,5.68317174911499,0,0.51469475030899,16.0960845947266,17.8351440429688,53.4103355407715,24.6035633087158,17.2414474487305,7.79691457748413,0,0,22.53098487854,21.8481369018555,28.7138919830322,39.2221946716309,22.166109085083,12.9262418746948,0.0141827240586281,0.0298852007836103,25.2467746734619,25.0554866790771,51.6504554748535,38.9741706848145,18.4351406097412,4.79966306686401,0,4.78862571716309,27.0797576904297,21.5293827056885,31.9707736968994,30.3810977935791,23.301176071167,11.3945922851562,5.75030183792114
trunk_R,0,16.5875549316406,39.8385353088379,37.4220275878906,39.9192314147949,20.2513961791992,14.2156066894531,7.23199796676636,8.36820507049561,25.5926113128662,27.931131362915,26.8427448272705,45.5603446960449,25.11252784729,18.1150646209717,7.19335794448853,0,13.5863771438599,24.817892074585,41.4246444702148,35.3642768859863,13.3737955093384,8.16250610351562,1.42569541931152,0,22.1669769287109,31.5371761322021,51.9426689147949,34.7710609436035,10.5524339675903,6.65086364746094,0.174992904067039,2.54500603675842,8.60089778900146,22.2274398803711,59.6114501953125,28.622709274292,12.156364440918,7.92144918441772,0.774710953235626,0,15.178807258606,22.7620468139648,32.948413848877,38.689769744873,13.2952880859375,12.1016530990601,6.03701019287109,1.53171241283417,18.4104404449463,26.9971218109131,58.2975311279297,39.8418922424316,12.5084733963013,4.76761865615845,0,9.36417388916016,22.6494121551514,25.0227146148682,39.8019905090332,34.5778961181641,20.5061988830566,12.5786104202271,12.7713928222656
fetus_L,0,16.1163558959961,23.2515182495117,30.1008396148682,27.3510799407959,12.1407241821289,0,0,8.78924655914307,36.3031120300293,30.6296463012695,29.1953125,47.6397285461426,32.6755790710449,22.5812320709229,11.5943250656128,0,19.68967628479,23.6653079986572,39.1672630310059,35.3459815979004,18.1087265014648,8.29350662231445,1.98598277568817,0,32.0560150146484,31.7235927581787,48.6771049499512,35.9828453063965,18.2763137817383,5.41754770278931,0.798470258712769,1.58623659610748,16.4459972381592,22.3704071044922,57.1896858215332,29.7726669311523,15.4925737380981,9.47870540618896,0.389438956975937,0,20.6034145355225,22.6430187225342,30.2894821166992,40.6964149475098,17.6149768829346,11.6909551620483,7.60278177261353,0,22.7581691741943,24.5586223602295,51.6371574401855,38.3788948059082,13.0205078125,1.75932788848877,0,8.53370952606201,27.5570011138916,24.886739730835,36.3622398376465,38.0303726196289,22.2480545043945,13.0484476089478,12.9197950363159
fetus_R,0,10.6654348373413,38.3323707580566,34.8932037353516,35.675479888916,36.7354393005371,38.1455459594727,22.1028366088867,0,0,0,5.9593358039856,6.79415512084961,0,0,0,0,7.02387380599976,25.7925090789795,39.544548034668,33.4427375793457,25.824254989624,25.0917873382568,11.5163650512695,0,16.6348495483398,32.8572883605957,49.1622314453125,33.253475189209,29.9598693847656,25.2144680023193,9.22780227661133,9.91783428192139,10.2456903457642,39.0395774841309,65.4110336303711,42.2673072814941,30.0528774261475,29.9855403900146,16.1912117004395,0,5.21867561340332,19.311206817627,27.3385715484619,30.2981662750244,18.9356670379639,18.1520137786865,9.70387268066406,0.258574068546295,11.8799753189087,26.551887512207,52.0490608215332,35.5551376342773,18.8765850067139,16.1245670318604,2.66044783592224,9.67641448974609,13.8495473861694,24.1780166625977,33.8742599487305,22.672399520874,24.930871963501,20.9058818817139,16.4991245269775
supine,0.0436163805425167,25.7849426269531,36.9940490722656,34.2222671508789,33.2166900634766,31.6354064941406,0,1.39641284942627,1.80990564823151,25.0299282073975,15.4569845199585,17.5787448883057,28.5940494537354,15.8583326339722,0,0,0,27.1220550537109,30.9632320404053,43.1868553161621,36.0399742126465,28.9386806488037,6.84809303283691,4.16159963607788,3.21449065208435,42.9213752746582,39.3591499328613,54.0760078430176,37.4438133239746,34.7548522949219,6.66618871688843,3.18323540687561,9.12533283233643,26.5474491119385,32.1664390563965,63.5810203552246,32.6140022277832,24.3721103668213,8.99026870727539,4.29162979125977,0,26.93825340271,26.5294132232666,33.231258392334,37.1633491516113,24.4934635162354,9.82592391967773,6.02423620223999,3.96272206306458,28.2256107330322,27.3147792816162,55.1812324523926,37.5012474060059,18.6649837493896,0,0,12.1186828613281,28.5161743164062,24.1676845550537,36.6488838195801,20.5511169433594,23.51123046875,6.75449132919312,9.71786403656006
prone,0,6.32421827316284,15.7008295059204,27.444580078125,20.0333347320557,0.605817496776581,5.49302339553833,0.156313940882683,7.59809446334839,24.9780883789062,28.0479888916016,26.948600769043,44.1571617126465,26.0894718170166,29.2084560394287,17.4295749664307,0,13.8798322677612,24.0491771697998,39.3987312316895,33.0268745422363,14.5156126022339,20.6169147491455,8.66074085235596,0,25.2516117095947,32.7975921630859,50.3339691162109,33.9760246276855,14.1258926391602,22.2480716705322,9.06139659881592,1.52208936214447,7.36979722976685,18.3911247253418,56.1027526855469,21.5569667816162,11.1852750778198,15.9971036911011,5.72235107421875,0,18.8380069732666,26.320276260376,34.367847442627,41.8946266174316,19.6166286468506,24.0606708526611,15.4363708496094,1.96536076068878,20.1552925109863,27.3418579101562,56.1316680908203,38.9155311584473,14.6494598388672,16.4485626220703,6.02414703369141,9.4490385055542,21.0355052947998,23.4242706298828,36.4286003112793,27.7936038970947,20.3583698272705,18.3992729187012,16.4214935302734
trunk_L,0,18.527717590332,10.4591913223267,29.5682468414307,24.5425262451172,0,0,9.0760669708252,0,28.2890377044678,17.4349689483643,21.5688934326172,34.4127044677734,0,10.710750579834,7.49037599563599,0,21.0729999542236,10.5417442321777,38.8703346252441,31.929235458374,0,6.36470985412598,9.64012908935547,0,38.1209411621094,24.2841796875,51.6610221862793,36.4764060974121,0,9.88933658599854,11.6298570632935,2.57948207855225,18.4723968505859,9.11452770233154,57.47021484375,24.6829452514648,0,9.12765789031982,6.85081815719604,0,20.7439403533936,13.6207160949707,29.3397731781006,33.2941703796387,0,8.80970859527588,10.9824562072754,1.28570210933685,27.75856590271,20.2544231414795,56.1386909484863,39.3065338134766,1.72227895259857,5.59768295288086,6.42770910263062,9.48274993896484,27.9457015991211,17.1064167022705,37.4736747741699,28.1441860198975,10.87122631073,11.8182821273804,17.4348926544189
trunk_R,0,1.48558914661407,31.1208572387695,33.0676231384277,30.5644016265869,23.9499645233154,4.93484592437744,16.6745758056641,0,0,7.85718202590942,10.9265184402466,16.8355083465576,2.71970152854919,0,0,0,0.383254319429398,22.1152801513672,40.1448593139648,31.4148006439209,20.6407260894775,8.69657039642334,9.4500093460083,0,10.1519765853882,33.1035957336426,51.4994964599609,33.9862632751465,24.976541519165,9.92606735229492,10.2474460601807,0.973057448863983,0,18.1728534698486,57.078296661377,20.3021373748779,16.1191082000732,8.75624465942383,5.57395315170288,0,5.87518072128296,25.6393222808838,34.9505462646484,39.1877021789551,23.8309459686279,15.5577249526978,15.6961240768433,0.806825637817383,10.5600986480713,27.5585174560547,58.9212608337402,38.1654243469238,19.3729457855225,7.9190502166748,7.55335569381714,3.36942267417908,8.11410236358643,20.4143981933594,35.8549346923828,16.6615219116211,20.7199153900146,10.3205823898315,14.9322538375854
fetus_L,0,18.2357482910156,29.5453701019287,31.4582614898682,28.3324031829834,26.9130001068115,0,0,0,9.60683822631836,8.65296268463135,12.8683938980103,18.2859878540039,4.0539493560791,0,0,0,17.8990802764893,21.7711963653564,37.577449798584,30.1842975616455,24.4394836425781,0,0,0,32.6164627075195,33.6087532043457,49.7624626159668,33.8583564758301,32.3859214782715,0,0,6.71489667892456,22.5402984619141,34.5058784484863,64.1560134887695,36.2882461547852,29.1212635040283,1.13053834438324,0,0,19.0835208892822,22.141565322876,28.8123836517334,32.6332206726074,22.4763355255127,0,0,0,19.3715896606445,22.0948028564453,49.1782684326172,30.9577045440674,15.9759721755981,0,0,5.07072496414185,24.756217956543,22.3328857421875,33.695629119873,18.6086292266846,25.4301223754883,0,0.0786425471305847
fetus_R,0,5.51151084899902,15.6802682876587,26.9221954345703,18.6001434326172,11.3048286437988,7.44621706008911,12.9883995056152,0,2.18856358528137,6.87214136123657,11.7669982910156,16.8180751800537,3.740473985672,0.870740711688995,0,0,10.419825553894,23.75754737854,37.3661689758301,31.0724468231201,22.969388961792,20.7020359039307,14.8209772109985,2.58558559417725,24.01926612854,35.1818809509277,49.4769096374512,33.4604377746582,30.1795406341553,24.9078216552734,16.3922348022461,9.94703388214111,12.9609098434448,35.31689453125,61.9635314941406,33.7937278747559,26.424352645874,24.842321395874,18.7084197998047,1.31701934337616,18.5515384674072,30.0993480682373,33.928279876709,41.7737770080566,29.8550472259521,27.0626811981201,22.3026638031006,2.21753787994385,16.0194320678711,26.7344608306885,51.9193305969238,34.2300682067871,17.7974300384521,13.8582353591919,9.33963584899902,11.534610748291,17.5899696350098,23.0835056304932,32.3958587646484,17.2932147979736,22.9468936920166,17.7013568878174,19.8962726593018
supine,0,15.5405149459839,24.1678142547607,30.4658794403076,27.1135082244873,18.7885227203369,1.87017393112183,8.05880260467529,1.09129393100739,13.9262266159058,11.0394620895386,13.5358810424805,19.6190891265869,8.96280479431152,0.654761493206024,0,0,20.6303901672363,27.9360198974609,42.0124549865723,36.7529144287109,25.9902210235596,14.3485918045044,11.684757232666,0,32.4740409851074,33.4083099365234,51.7652244567871,36.4174156188965,28.2389125823975,13.1911134719849,10.4607400894165,4.46614980697632,16.5738754272461,25.0347423553467,60.755786895752,30.8251399993896,20.8322105407715,12.9083938598633,9.3867883682251,0,20.9570331573486,24.1571750640869,33.2860908508301,40.6723289489746,23.1109676361084,14.3035306930542,13.5968933105469,2.49314665794373,23.0879802703857,27.1682739257812,55.9767570495605,39.8059425354004,18.6313495635986,6.75128030776978,4.88690710067749,16.9202899932861,28.2393550872803,28.3459243774414,41.646728515625,42.4934730529785,27.0884494781494,17.1068916320801,20.199197769165
prone,41.4476509094238,21.8764476776123,32.1004371643066,33.2816505432129,32.7106590270996,20.7263660430908,18.0538082122803,10.522120475769,60.7100639343262,15.0157709121704,10.511700630188,13.1271858215332,18.6370296478271,5.61420059204102,2.14285159111023,0,42.1768684387207,24.3298492431641,29.6838512420654,43.7988700866699,38.3697547912598,22.9405269622803,20.9960498809814,10.7223768234253,43.6910095214844,33.2733268737793,30.4756679534912,50.0323753356934,33.5116996765137,17.5937366485596,14.3662805557251,4.38281631469727,59.0732917785645,23.2725582122803,29.8951396942139,64.1703414916992,36.9818458557129,20.9811763763428,19.4987392425537,9.72737216949463,45.5457649230957,27.1835384368896,28.2298641204834,35.8092079162598,45.4915771484375,24.2168560028076,22.4022045135498,14.9664487838745,48.041088104248,27.2088298797607,27.6105346679688,58.3884773254395,42.9759254455566,17.3543834686279,13.6197080612183,4.2968692779541,102.455596923828,34.1539649963379,31.6652069091797,46.6485939025879,55.281421661377,28.4857082366943,25.4182357788086,22.5628509521484
trunk_L,6.19905042648315,19.1964511871338,49.3973846435547,39.5044746398926,52.8299446105957,18.7119255065918,3.80246067047119,18.1516647338867,6.74795722961426,6.53291463851929,13.76185131073,16.1095180511475,25.0373935699463,0.206027030944824,0,0,1.22124803066254,12.6989107131958,27.2131252288818,42.8576965332031,44.0476875305176,8.75337505340576,0,6.02448034286499,2.25130486488342,20.810173034668,30.5273380279541,49.8575630187988,39.7533836364746,2.20099568367004,0,0.386107951402664,6.59140157699585,2.28961586952209,16.2316360473633,55.6091766357422,30.0186748504639,6.42389535903931,0,0.656359493732452,0.224443808197975,13.3665647506714,21.9698944091797,31.6044769287109,45.2520332336426,8.84240245819092,5.70500516891479,8.58186054229736,2.81981921195984,14.310341835022,22.0314121246338,51.7013854980469,41.053279876709,5.59265327453613,0,0,17.6598834991455,18.5765590667725,22.1329250335693,36.341007232666,42.7425727844238,17.3786468505859,5.43211317062378,13.4465713500977
trunk_R,0.360358715057373,21.5222759246826,37.3583602905273,38.4959907531738,43.9301414489746,40.1389961242676,32.4622802734375,17.6784992218018,1.79179573059082,12.4103727340698,12.2989416122437,15.3748931884766,23.3680572509766,10.6659049987793,5.27577352523804,0,0,21.2191066741943,26.835241317749,46.4609870910645,42.4345664978027,31.5673313140869,24.3201007843018,9.41518878936768,0.764424085617065,31.193639755249,30.5080738067627,54.2017021179199,38.9347610473633,31.7508373260498,20.812707901001,5.55812120437622,8.31967639923096,20.3770885467529,27.7657165527344,67.3600616455078,43.2873115539551,27.194709777832,22.0672969818115,9.82206535339355,0,20.988431930542,21.8814334869385,35.2890205383301,43.6434669494629,26.1550426483154,19.7065143585205,11.5410642623901,1.69337046146393,22.5449771881104,23.8707714080811,58.0488166809082,40.5930671691895,20.0687618255615,11.5789213180542,1.7389087677002,18.2970409393311,29.8275985717773,26.6029758453369,45.7203979492188,48.6243629455566,30.0573673248291,22.2464046478271,19.7703609466553
fetus_L,35.2196350097656,61.4481048583984,121.679878234863,61.5373497009277,108.817321777344,68.1713485717773,51.4253120422363,35.6161308288574,22.3076686859131,27.4444675445557,21.5224552154541,21.9434909820557,37.6690559387207,6.86261558532715,0,0,31.4282245635986,58.1912422180176,90.5362167358398,72.7659606933594,91.4840316772461,48.2446174621582,35.4891357421875,18.3045349121094,36.4003486633301,81.6536331176758,83.6878128051758,83.893913269043,88.1856079101562,61.6809272766113,36.2453651428223,19.2382507324219,47.773998260498,69.0010299682617,100.626625061035,100.446166992188,129.604537963867,44.2841491699219,33.5641899108887,21.3865947723389,25.7990112304688,49.4403800964355,48.9780769348145,49.2652130126953,82.2899169921875,32.793643951416,22.7401523590088,14.8376874923706,33.0995635986328,51.896053314209,54.2326469421387,80.8754272460938,81.3566970825195,29.3491687774658,17.9665699005127,10.5002784729004,59.8975524902344,51.301570892334,46.3371429443359,55.4622611999512,96.7871322631836,29.982946395874,19.1294021606445,18.5376148223877
fetus_R,14.0408849716187,20.3717060089111,69.7640075683594,55.412410736084,85.4667663574219,99.0952377319336,114.494773864746,52.5279502868652,1.22776091098785,0,16.8940391540527,25.506462097168,41.6817436218262,28.8370761871338,23.7279758453369,1.54124176502228,17.1445751190186,26.0328197479248,69.8607559204102,75.2168350219727,86.7636795043945,83.7589416503906,84.5352478027344,39.9431419372559,18.8097171783447,37.5275917053223,63.3079414367676,84.1114883422852,80.0765991210938,104.195365905762,86.0833511352539,36.6995849609375,30.445915222168,25.7462673187256,74.3644714355469,101.314514160156,116.734413146973,67.8746337890625,65.0428009033203,37.1845321655273,10.9747085571289,20.5558490753174,38.3395233154297,50.8536109924316,78.7292404174805,58.9400978088379,51.2616157531738,30.3851470947266,14.3107423782349,21.8677196502686,39.4939002990723,79.216438293457,71.8211669921875,45.742504119873,47.8147315979004,23.6014957427979,37.1912879943848,25.6576232910156,38.8761177062988,60.3522071838379,96.5578308105469,48.2779846191406,47.5453796386719,33.8225898742676
supine,16.0073051452637,20.7453632354736,135.23664855957,79.4324493408203,116.773109436035,103.613983154297,59.9818687438965,52.2219200134277,0,0,27.2523727416992,30.3096446990967,45.9513893127441,24.0512237548828,0,0,13.5216064453125,21.6396789550781,103.88729095459,94.9865493774414,99.6100082397461,72.0942153930664,39.167308807373,28.9414577484131,15.4728507995605,29.7375011444092,89.3506088256836,104.254936218262,90.9270401000977,87.9456176757812,38.2965507507324,26.7149791717529,19.7489414215088,13.3870840072632,92.6007995605469,111.444801330566,116.326416015625,49.8846626281738,26.9218921661377,20.0816745758057,10.1586484909058,19.2239799499512,59.9537200927734,68.3641967773438,96.9852523803711,56.2087059020996,28.3811359405518,26.0586833953857,7.74677324295044,12.5822153091431,48.1440238952637,87.7166748046875,71.6233596801758,32.6584663391113,10.4973154067993,7.85408973693848,27.2357578277588,21.4646892547607,53.3275566101074,73.5179214477539,111.831428527832,41.3495178222656,22.5160160064697,24.6554794311523
prone,53.959285736084,37.6733131408691,129.583847045898,79.8859939575195,126.511299133301,128.482376098633,57.6509284973145,58.8425712585449,42.2509918212891,5.27202272415161,23.6538333892822,28.621301651001,45.434513092041,28.0184116363525,0,0,50.6394004821777,34.790111541748,90.7445449829102,91.6809463500977,99.5738220214844,82.5935287475586,31.8080387115479,29.536340713501,51.3460998535156,48.0002937316895,77.7109069824219,98.9554214477539,89.3195571899414,98.8174133300781,25.5630702972412,25.1226367950439,53.7399024963379,22.5664348602295,68.4346542358398,101.727508544922,103.141120910645,50.4725914001465,15.0216760635376,15.7455167770386,46.5850524902344,32.2373542785645,53.6687278747559,66.8366012573242,97.7625122070312,63.9616889953613,23.2623138427734,26.1450595855713,48.8342475891113,29.996545791626,52.0477905273438,96.788818359375,85.5450668334961,47.0545539855957,13.1250257492065,16.3913822174072,90.0689315795898,28.8179416656494,43.8113403320312,67.8127365112305,103.155906677246,43.1741943359375,15.3276901245117,22.0310077667236
trunk_L,22.419885635376,32.4479331970215,132.599960327148,55.1869354248047,145.365417480469,145.377471923828,35.6466751098633,61.1790771484375,1.55047798156738,0,24.1234874725342,18.7272701263428,51.609058380127,32.1175498962402,0,0,14.1315660476685,23.2805423736572,80.9453430175781,57.0294342041016,104.495452880859,83.0284957885742,13.5252027511597,24.1387805938721,17.6287231445312,34.9373626708984,76.7314376831055,68.2583312988281,100.966796875,108.633087158203,15.3675270080566,22.6670398712158,22.0517883300781,16.9450588226318,74.4265899658203,74.7445907592773,129.111801147461,59.9711036682129,12.1089553833008,18.9890289306641,9.78646087646484,20.3512325286865,47.7063598632812,40.2206840515137,101.152534484863,62.6834716796875,12.6351318359375,20.9490070343018,15.1741056442261,22.3583755493164,50.4360961914062,67.2806091308594,94.9820556640625,50.9657096862793,6.46483087539673,15.8934326171875,30.4502620697021,24.2760066986084,45.2353172302246,44.560359954834,126.773826599121,48.0186195373535,10.4305028915405,23.7209777832031
trunk_R,14.2336235046387,16.9266128540039,36.9042358398438,71.4802551269531,100.64282989502,65.4087905883789,40.8015899658203,39.9012565612793,1.43314731121063,0,3.57295608520508,30.9163131713867,47.2240791320801,16.0103282928467,0.914535105228424,0,13.9586572647095,17.8604335784912,32.6577796936035,90.1696701049805,90.6984024047852,51.9777565002441,36.1931610107422,24.8541049957275,17.0367488861084,28.5763320922852,36.8536720275879,100.809364318848,86.012939453125,64.7205352783203,35.8122520446777,25.3132991790771,23.7213497161865,15.3367614746094,29.4118957519531,113.073791503906,117.0439453125,42.0570526123047,29.0141162872314,23.03733253479,11.8929719924927,19.6808948516846,26.1854095458984,67.5985412597656,93.1106567382812,44.1964721679688,29.8850803375244,24.6671237945557,14.4120664596558,18.1400299072266,25.6027736663818,98.0656356811523,81.8457260131836,32.1871223449707,20.4688854217529,16.7918453216553,27.567964553833,19.4605121612549,19.4717273712158,69.7018966674805,96.1042175292969,32.0541381835938,18.9473266601562,22.5329074859619
fetus_L,12.9481048583984,64.9066390991211,119.632652282715,55.1189384460449,95.9602966308594,97.1219100952148,25.5608520507812,26.3422241210938,0,38.6419868469238,26.9778690338135,24.7218418121338,43.9575653076172,27.3883876800537,0,0,13.5345239639282,67.9364929199219,101.680488586426,71.2656478881836,90.3610000610352,77.4909744262695,29.0604076385498,20.4733200073242,15.5845003128052,90.6310424804688,87.4993286132812,79.5711441040039,82.8848342895508,94.2339172363281,23.1454181671143,18.2492656707764,24.8563480377197,77.269905090332,106.090354919434,96.6799697875977,121.521156311035,62.5972595214844,27.0491161346436,21.0311183929443,9.43391227722168,59.7305603027344,55.753978729248,49.2757415771484,83.8837661743164,56.1865425109863,19.4166126251221,17.4231204986572,10.3488759994507,52.5827140808105,50.8938903808594,71.9998550415039,69.5731582641602,38.4956932067871,5.17762899398804,4.6859564781189,25.0734119415283,58.6756134033203,50.6366157531738,53.7269325256348,93.764289855957,42.3808631896973,15.5548620223999,17.8893203735352
fetus_R,11.3199663162231,29.1575565338135,116.81517791748,56.1866569519043,84.3418273925781,65.6706008911133,72.8320236206055,50.006893157959,6.83355188369751,10.7038984298706,22.5629329681396,22.6475524902344,36.1038932800293,16.5964813232422,12.1545600891113,2.59793376922607,12.5498695373535,32.8999061584473,99.4706649780273,72.6405029296875,81.5830917358398,56.8857917785645,55.1486511230469,34.7631530761719,18.5760478973389,56.3298492431641,99.5537490844727,88.8833312988281,85.1814956665039,82.6408767700195,68.8745651245117,39.3497505187988,19.9325065612793,28.3032894134521,91.3393630981445,90.5087585449219,94.7490615844727,41.5275382995605,38.5952186584473,27.2985363006592,15.5922861099243,40.8445892333984,70.2759094238281,60.920726776123,95.8591842651367,57.1501426696777,50.1240730285645,39.0179901123047,12.204270362854,31.4533157348633,58.3813285827637,80.4763107299805,73.1364517211914,34.3631248474121,33.7622947692871,23.4866237640381,30.5465106964111,33.6498603820801,55.0116539001465,60.2929191589355,94.806884765625,37.7327308654785,34.4324760437012,32.0484809875488
supine,21.4982204437256,72.827018737793,108.763793945312,77.1603622436523,127.975196838379,111.00106048584,88.9160537719727,81.3625411987305,0,2.5457181930542,0,5.5011773109436,5.12085485458374,0,0,0,17.7976455688477,66.9848709106445,77.3197250366211,89.6367797851562,103.13436126709,73.0187149047852,51.2549858093262,40.2567863464355,18.2167663574219,85.8891830444336,65.7932815551758,95.2239685058594,90.6918563842773,83.5335388183594,45.3755073547363,36.1866607666016,25.9531402587891,68.8237838745117,69.8997421264648,108.611625671387,128.135879516602,53.1051902770996,35.4092636108398,33.0779113769531,14.3596181869507,60.9749717712402,46.2000846862793,64.3416213989258,99.9096145629883,55.6576995849609,35.6956405639648,33.7133369445801,14.9483108520508,53.7342834472656,42.0104446411133,89.837158203125,82.3761825561523,38.4101905822754,22.8126583099365,24.0422744750977,36.0311698913574,60.3393363952637,40.4974555969238,70.3720779418945,118.967445373535,42.4205513000488,28.663688659668,33.5575065612793
prone,31.5530853271484,65.5576477050781,148.72624206543,83.8149108886719,137.395980834961,109.673652648926,86.6415176391602,70.1582717895508,0,0,0.0486284010112286,6.11528396606445,5.28804063796997,0,0,0,23.6137180328369,53.2520561218262,95.1389999389648,90.2063293457031,100.076324462891,62.2103538513184,40.8613891601562,29.0288906097412,23.8515872955322,69.1846008300781,80.5329055786133,97.2965927124023,89.2442245483398,72.4746246337891,34.4502410888672,23.9380035400391,30.1016712188721,45.9816780090332,80.0998306274414,103.712524414062,112.234016418457,40.7593116760254,25.0841655731201,17.7271823883057,20.6451168060303,49.22705078125,55.865177154541,65.3451995849609,98.3878860473633,49.4976615905762,30.2678298950195,25.9052715301514,19.0016422271729,40.7940559387207,48.6413154602051,88.5057067871094,78.2606811523438,31.2104473114014,14.8782606124878,10.2517118453979,50.7190856933594,49.9635353088379,52.00341796875,72.6589965820312,118.728218078613,38.5442771911621,25.2952060699463,26.8552112579346
trunk_L,0,0,17.8403053283691,28.2119770050049,13.3858184814453,0,0,13.0760154724121,0,0,6.15526151657104,10.5159711837769,11.9518890380859,0,0,0,0,5.99643516540527,21.7013473510742,39.3942565917969,23.7819747924805,8.5285120010376,5.74208450317383,14.4939432144165,0,14.0558700561523,29.8319644927979,49.92529296875,24.2050876617432,3.35723900794983,5.57294893264771,13.4457521438599,2.85285091400146,0.261023163795471,19.4033222198486,57.5254058837891,9.73022174835205,7.90212631225586,8.15354156494141,11.319447517395,0,4.67140531539917,17.3296794891357,27.8430995941162,20.30539894104,5.25232410430908,6.45725393295288,12.1444473266602,0.0635451376438141,11.3114957809448,23.653226852417,54.4333038330078,25.5689601898193,6.0971474647522,0.784079074859619,6.91229009628296,5.69132614135742,13.0724935531616,20.1242275238037,34.619457244873,1.29849755764008,14.9890174865723,8.14259910583496,17.9386596679688
trunk_R,0.221111938357353,15.1545305252075,27.2336521148682,32.6879272460938,26.6772289276123,11.1157827377319,6.37583303451538,28.1501598358154,0,3.27322840690613,6.6573600769043,9.67458820343018,14.0875425338745,0,0,0,0,13.1720428466797,16.5128421783447,37.9253692626953,27.7651653289795,10.2577667236328,6.15413427352905,14.8312101364136,1.11497938632965,21.0903701782227,22.9178333282471,46.7256355285645,25.8615341186523,3.95499420166016,2.16740489006042,11.8471450805664,7.83875274658203,10.1221704483032,17.7695446014404,58.4462776184082,20.6083221435547,11.9673280715942,9.48122310638428,13.5824203491211,0,14.9626693725586,18.3967056274414,30.2435760498047,29.7445468902588,10.9637956619263,10.4823541641235,15.9871101379395,3.91503715515137,16.904504776001,20.5783367156982,54.5217132568359,30.8311767578125,8.72542667388916,1.12202739715576,8.22837066650391,10.1989164352417,18.3248996734619,17.0042839050293,33.2268600463867,9.39511775970459,15.8719720840454,7.64562225341797,17.90576171875
fetus_L,9.22828769683838,20.1032390594482,18.8504505157471,27.630012512207,20.9833278656006,0,0,14.8781385421753,0,0,0,0,0,0,0,0,15.7087554931641,27.908332824707,26.1862735748291,39.2853355407715,33.9676856994629,12.5714502334595,12.9951829910278,17.5855388641357,14.6668882369995,38.4251174926758,29.0157299041748,46.4874153137207,31.0662021636963,6.65291404724121,8.32991886138916,13.0634498596191,27.3953857421875,26.4736309051514,26.3458156585693,58.5957298278809,29.3684387207031,13.2573709487915,13.5295333862305,15.3825159072876,14.1044006347656,26.3640956878662,21.3770580291748,28.5904235839844,33.8070831298828,10.7189140319824,12.5357236862183,16.2541675567627,17.0865383148193,27.0856304168701,22.4230976104736,49.1806640625,32.5093116760254,7.21121788024902,1.82132518291473,6.42900609970093,40.6714248657227,28.9775066375732,20.8128356933594,30.9582004547119,17.2810802459717,16.4735527038574,10.5929412841797,19.0810317993164
fetus_R,3.43708109855652,15.0360956192017,18.3292388916016,29.2857608795166,24.068380355835,18.8745059967041,13.9423112869263,6.86820268630981,0.128821685910225,9.28551864624023,8.97250080108643,11.5599365234375,16.6303329467773,2.76936888694763,1.55692780017853,0,4.9176926612854,19.1861019134521,20.2037372589111,39.4255676269531,33.6584930419922,26.1706829071045,21.1320705413818,9.1029577255249,7.58849477767944,29.849250793457,26.8322467803955,48.3490600585938,31.8713130950928,27.3006896972656,19.4236240386963,6.50892686843872,13.8685874938965,16.327241897583,20.050012588501,59.3002891540527,28.1275997161865,23.1225357055664,19.4759044647217,8.38494968414307,2.25996971130371,17.3803844451904,17.2577686309814,28.5604400634766,32.2981109619141,20.7202854156494,17.1388759613037,9.69259357452393,8.20851039886475,20.3376693725586,20.5862808227539,52.1119117736816,34.5206298828125,17.9846668243408,10.7395048141479,0.884855091571808,20.1876735687256,20.7974014282227,16.6375370025635,31.1643161773682,14.6193189620972,22.1865558624268,14.1546821594238,12.2208814620972
supine,9.53712558746338,24.4513607025146,30.2529468536377,34.600715637207,30.5835037231445,26.6196804046631,12.4451017379761,26.5731506347656,5.71823120117188,13.8506650924683,7.3580756187439,11.0535516738892,14.8679304122925,3.04468989372253,0,0,13.4930658340454,27.5898723602295,27.255241394043,44.7439460754395,35.028003692627,27.7028026580811,17.1899032592773,18.5377445220947,16.0719470977783,40.1238212585449,32.6320266723633,53.5256538391113,33.5687980651855,28.1983509063721,12.498459815979,14.9018173217773,23.2837200164795,27.3028717041016,29.3194065093994,66.1227416992188,32.4778633117676,24.5628452301025,16.9636325836182,16.2365646362305,13.7477216720581,29.2298603057861,25.5683345794678,35.966365814209,39.796932220459,26.695219039917,17.4981174468994,19.4646549224854,12.7746858596802,24.1836624145508,20.6401824951172,53.6788444519043,30.5452499389648,13.762806892395,0.379683166742325,4.01763916015625,32.2446060180664,27.4530925750732,20.1990795135498,37.3658714294434,16.972692489624,22.0998992919922,11.3723478317261,18.2501831054688
prone,38.3723411560059,9.47436046600342,33.0044250488281,35.0516815185547,30.3309078216553,0.506801784038544,2.51572418212891,31.33274269104,51.5914916992188,0,8.42645740509033,11.9387922286987,18.1629390716553,0,0,0,35.2370758056641,6.79710578918457,20.8275375366211,40.1824989318848,29.7197170257568,0.752964973449707,3.75650000572205,15.7226610183716,40.6972007751465,17.6361598968506,31.9077758789062,51.9429740905762,31.7842464447021,0,4.97185373306274,16.2156562805176,44.4595756530762,0,14.576512336731,55.4681663513184,14.7943925857544,0,3.54417538642883,10.3071479797363,34.5575675964355,10.4077625274658,21.7688655853271,32.2621269226074,32.4355888366699,3.26002478599548,9.24223709106445,17.3418426513672,39.2973289489746,13.4397621154785,24.6545886993408,55.7278175354004,33.5115737915039,3.14395523071289,0.00166029727552086,10.0281915664673,78.2035675048828,15.2230682373047,21.3381881713867,37.9647827148438,15.7230453491211,13.0912942886353,7.74580574035645,20.5966320037842
trunk_L,5.48226881027222,13.2702760696411,22.2877655029297,28.850736618042,30.8506088256836,26.7971267700195,0,25.4760265350342,0,3.28105568885803,7.84755373001099,11.3033285140991,15.4433584213257,2.38146901130676,0,0,0.400747418403625,8.27244758605957,6.36491537094116,28.8915882110596,27.9542446136475,16.6796798706055,0,8.71347236633301,6.61496210098267,20.7910404205322,22.604040145874,41.2756118774414,32.8646507263184,25.8526821136475,0,11.5731859207153,14.9866371154785,9.97823810577393,16.4890460968018,52.4519157409668,32.3479881286621,23.0762577056885,2.59644436836243,13.8438348770142,0.139398440718651,9.56678295135498,11.7201728820801,21.1954936981201,29.6607646942139,16.1074867248535,0,10.533655166626,11.257513999939,17.4867420196533,20.6356811523438,46.3700256347656,39.4334259033203,20.9637355804443,0,8.9643726348877,22.5947189331055,18.3690929412842,16.18137550354,26.9795837402344,26.6131114959717,24.0103435516357,2.22740006446838,18.1905841827393
trunk_R,0,23.8712310791016,29.2783527374268,20.8323440551758,19.9734973907471,19.3384456634521,1.76098442077637,19.3349857330322,0,34.6753730773926,23.9685535430908,15.822509765625,35.393123626709,26.469087600708,17.0004367828369,21.15456199646,0,25.6082916259766,25.5575866699219,23.9643001556396,24.8476047515869,20.3490695953369,9.21557903289795,13.1541681289673,0,35.3388061523438,28.7194423675537,30.3482360839844,22.0006084442139,15.0889692306519,2.80061340332031,8.64932155609131,0,26.6885395050049,30.7163467407227,42.794677734375,17.9230976104736,20.655460357666,13.1019515991211,13.7896776199341,0,28.6792583465576,26.6956157684326,19.3038425445557,28.7385959625244,20.947546005249,13.5856428146362,16.7099742889404,0,31.6027164459229,30.5388107299805,38.5660552978516,31.0836086273193,18.1841449737549,7.00484895706177,10.6086893081665,0,31.5991802215576,25.1490631103516,20.3409194946289,8.07395935058594,21.320779800415,11.4675397872925,19.0371036529541
fetus_L,0,23.5259189605713,25.3179626464844,28.3303203582764,28.8197841644287,24.559663772583,20.0416259765625,9.65752696990967,4.56763935089111,26.3472423553467,16.7184009552002,17.9349899291992,28.6795063018799,14.5535917282104,12.9662866592407,0,0,24.7568607330322,21.1801147460938,34.138298034668,31.8500537872314,25.174674987793,20.6509189605713,8.50840091705322,3.71707940101624,41.7013931274414,32.5150604248047,45.7715263366699,35.0752182006836,33.0758934020996,24.6390819549561,9.05219459533691,8.6281042098999,24.3677597045898,22.5853481292725,53.4078216552734,28.0082302093506,22.9529666900635,20.3029804229736,8.21389675140381,2.35803031921387,29.4244995117188,24.4788074493408,28.5017604827881,40.3280944824219,29.0244750976562,23.5718364715576,14.4684629440308,5.94442796707153,29.840295791626,25.7092800140381,49.1525230407715,38.029956817627,20.9974708557129,15.4224395751953,3.83562970161438,13.0581121444702,27.243143081665,18.0317897796631,27.609260559082,16.3678417205811,23.5736408233643,15.0970144271851,13.6607542037964
fetus_R,4.77360773086548,29.2804317474365,39.6544494628906,34.4276466369629,35.7061805725098,34.8315849304199,21.2368030548096,6.73901891708374,0,21.692892074585,12.8711891174316,16.1640739440918,23.20290184021,11.2990674972534,4.23486804962158,0,1.61814546585083,26.0000057220459,25.5203189849854,37.9483375549316,32.666446685791,24.0727405548096,12.4158353805542,1.54818665981293,5.28695154190063,40.3763122558594,33.1181144714355,48.3158912658691,33.3399505615234,27.9295864105225,12.1712999343872,0,13.121826171875,29.0390777587891,34.0165557861328,61.3730583190918,34.784351348877,25.7093982696533,17.6417140960693,3.9682788848877,0.571923673152924,24.8860912322998,21.308931350708,27.7332458496094,32.501522064209,19.6826858520508,11.6528577804565,4.05495309829712,6.31785154342651,28.7936096191406,26.8975467681885,51.6949462890625,35.5832595825195,18.4170608520508,5.43613433837891,0,16.1306095123291,27.9753646850586,21.973388671875,30.1742839813232,16.3412609100342,21.7795715332031,10.9820404052734,7.84892129898071
supine,40.7031707763672,13.9906921386719,19.208532333374,28.0949649810791,16.4871864318848,11.3928489685059,0,3.9316623210907,63.3642578125,9.6002950668335,6.98345994949341,11.069709777832,15.6544456481934,3.63249039649963,0,0,48.3892478942871,23.4056854248047,33.6104164123535,42.6179656982422,31.1916217803955,27.4204330444336,19.3023548126221,13.709454536438,53.2129821777344,33.9046821594238,37.7496795654297,51.4577827453613,30.1110706329346,29.4206981658936,18.3223094940186,10.8523283004761,63.9343757629395,19.9480018615723,32.2059288024902,61.0752449035645,22.5032501220703,22.7026081085205,17.1154689788818,11.18346118927,48.6135520935059,23.5154399871826,29.4897594451904,33.7070655822754,33.3905448913574,25.277738571167,19.0149250030518,15.157151222229,48.2903594970703,21.2794895172119,26.5618743896484,51.9346809387207,27.6567974090576,15.1392793655396,5.16747999191284,1.74995505809784,97.7923812866211,26.3159561157227,26.4907054901123,36.5405578613281,10.4037704467773,23.3570022583008,14.1684999465942,17.0984516143799
prone,2.27030634880066,22.6503753662109,22.9477920532227,30.8334293365479,27.0652942657471,19.6039333343506,14.7958335876465,9.60311222076416,0,15.1706762313843,8.95138454437256,11.5323476791382,15.4894943237305,4.65502882003784,1.89278495311737,0,4.22546243667603,28.1622486114502,26.3530101776123,42.5811653137207,38.0691337585449,26.3143062591553,23.980318069458,12.3001127243042,8.96334552764893,43.6124382019043,33.9119186401367,52.8627777099609,38.4729461669922,31.0150470733643,24.9093685150146,11.3383865356445,14.825306892395,27.646505355835,27.4926700592041,62.5883178710938,35.6309051513672,23.6024379730225,21.5596141815186,11.3932800292969,4.56911611557007,28.9638919830322,23.3816528320312,33.4666023254395,42.0792198181152,24.045036315918,21.5239715576172,14.0785551071167,9.1553316116333,28.9976062774658,23.9279880523682,54.9832611083984,38.3100242614746,17.1274585723877,11.8099889755249,2.63752722740173,22.5120830535889,30.5917263031006,21.1553497314453,36.2159233093262,28.5941543579102,23.2253475189209,16.0343761444092,16.0681991577148
